title,label
"Ngatiyana Terjun Langsung Menemui Warga, Menampung Aspirasi Masyarakat",1
Redmi 10c spesifikasi gahar,0
"Puluhan Rumah di Perum Griya Zavira Cilawu Terancam Terbawa Longsor, Warga Minta Pemkab Segera Bertindak",2
Prakiraan Cuaca Kota-kota Besar di Indonesia untuk Senin 25 Juli 2022,0
"Kurang dari 24 Jam, Pelaku Pembunuh Remaja Diciduk Saat Coba Melarikan Diri",2
Bawaslu KBB Butuh Anggaran Rp23 Miliar untuk Pilkada Serentak 2024,0
Lansia Menjadi Kelompok Paling Rentan Selama Pandemi Covid-19,0
"Terdakwa Kasus Kebakaran Bengkel di Tangerang Divonis 8 Tahun Bui, PH: Keputusan Hakim Bijak",0
"Odong-odong TERPENTAL 10 Meter Dihantam Kereta Api, 9 Orang Meninggal",2
"Cinta Setelah Cinta 26 Juli 2022 Tayang di SCTV Pukul 19.30 WIB, Niko dan Ayu Kepergok Tio dan Gurunya",0
"Sekali Panen, Petani Tomat di Lembang Mampu Meraup Pendapatan Rp1 Miliar",1
Bacaan Niat Puasa Senin-Kamis Berikut Doa Berbuka dan Keutamaannya,0
"LINK LIVE STREAMING Persikabo vs Persebaya Surabaya, Segera KICK OFF Langsung Klik di Sini",0
"LINK LIVE STREAMING Persib Bandung vs Bhayangkara FC, Maung Bandung Sementara Unggul 2-1!",0
"Hadapi Tim EPPD Jabar, Bupati Sumedang Tekan Bawahannya Kooperatif",2
"Persikabo Taklukkan Persebaya Surabaya 1-0, Gustavo Tocantins Jadi Pahlawan Kemenangan",1
"Benfica vs Newcastle United, Jadwal Pertandingan, Tempat dan Prediksi Susunan Pemain",0
Ridwan Kamil 'Ceramahi' Baim Wong Soal Citayam Fashion Week: Tidak Perlu Ikut-ikutan Mengatur!,1
"LINK LIVE STREAMING Persis Solo vs Dewa United, Pertaruhan Kualitas 2 Mantan Pelatih Timnas Indonesia",0
"MENCEKAM! Warga Sweeping Kendaraan Bermotor di Yogyakarta, Plat AD Trending Topic",2
"Ini Daftar 73 Jemaah Haji yang Meninggal hingga Hari ke-53, 60% Jemaah Gelombang Pertama Pulang ke Tanah Air",2
"Petani Masuk Kelompok Prasejahtera, PKS Minta Kader Legislatif dan Eksekutif Ikut Berjuang",1
Green Kurban Salurkan ke 17.782 Penerima Manfaat,1
BPKAD Kota Cimahi Launching Aplikasi SIAGA,1
Museum Subang Masih Kurang Pengunjung,2
"LINK STREAMING Cinta Setelah Cinta 26 Juli 2022, Tayang Sesaat Lagi Langsung Klik di Sini",0
"Perkuat Persatuan dan Kesatuan, Kodim 0618/BS Laksanakan Bimkom Cegah Konflik Sosial",1
"Dahana Garap Rajata, Penghancur Tanpa Ketahui Musuh",0
"Jelang Benfica vs Newcastle United, The Magpies Ambisi Datangkan Timo Werner dari Chelsea",0
"Frets Butuan Bawa Persib Unggul Sementara di Babak Kedua, LINK LIVE STREAMING Bisa Diakses di Sini",0
"Wakil Ketua DPRD Kota Bandung, Ade Supriadi Wafat, Wali Kota Berduka",0
"LINK LIVE STREAMING Persikabo vs Persebaya Surabaya, Langsung Klik di Sini",0
"Persib Bandung Kebobolan Jelang Pertandingan Kontra Bhayangkara FC Berakhir, Wasit Jadi Sorotan Bobotoh",0
"Pelatihan Guru Utama Revitalisasi Bahasa Daerah, Menjaga Kepunahan Bahasa Daerah dengan Menulis",1
NONTON Persikabo vs Persebaya Surabaya Langsung Klik LINK LIVE STREAMING Hanya di Sini,0
Ridwan Kamil Dinobatkan sebagai Ayah Inspiratif,1
"Presiden Jokowi Tiba di China, Besok Sore Temui Xi Jinping Secara Tertutup",0
KPAS-PlaAstro Gelar Pameran Tunggal 'The Silence of Khotbah',0
"Langsung Jatuh Cinta Pada Kosumon, Moeldoko: Saya Jagonya Ngopi, Ini Very Special",1
"Gandeng Pemerintah Daerah, Tokopedia Dorong Implementasi Digitalisasi Pasar Rakyat",1
"Viral! Petarung UFC Sampaikan Hal Menyedihkan Usai Menang Tarung, Temannya Bunuh Diri Jelang Tanding",2
"VIRAL Seorang Pria Tergeletak di Jalanan Yogyakarta, Polda DIY Cek Kemungkinan Korban Jiwa ke RS",2
"Ade Yasin Optimis Eksepsi Diterima Hakim, Dakwaan Tak Sesuai dengan Alasan KPK Melakukan Penangkapan",0
Empat Pelaku Spesialis Pencurian Mobil Pick Up Diringkus Polresta Bandung,2
"WASPADA! Siang dan Malam Hari Jabar Diguyur Hujan: Prakiraan Cuaca Wilayah Jawa Barat Senin, 25 Juli 2022",2
"Buka Latsar CPNS, Sekda Jabar Tekankan Integritas",0
Panglima TNI Utus Dokter Forensik TNI Lakukan Autopsi Brigadir J: Kalau Mau Tambah Juga Boleh,0
"PAD Retribusi Parkir Minim, Ini yang Akan Dilakukan Bapenda KBB",0
"Pesan Menohok Ridwan Kamil ke Baim Wong Soal Citayam Fashion Week: Anda dan Istri Sudah Hebat, Tapi...",2
"Berusaha Pulihkan Cedera, Febri Hariyadi Disemangati Mario Jardel: Semangat Bang Bow!",1
"Pemilik Tim Football Menangkan Lelang Sabuk Juara Tinju Muhammad Ali, Ini Harganya",1
"Tersangka KASUS SUBANG Bertambah Jadi 11 Orang, Perannya Diungkap Polda Jabar",2
"Kasus Anak Tewas Akibat Perundungan di Tasikmalaya, 3 Orang Jadi Tersangka",2
"Cinta Setelah Cinta 25 Juli 2022 Tayang di SCTV Pukul 19.30, Simak Sinopsis Berikut LINK STREAMING",0
"Ada 16.000 Kasus Cacar Monyet di 75 Negara, WHO Minta Kawasan Asia Tenggara Perkuat Pengawasan",2
"Inilah yang Harus Hindari, Warga Binaan Lapas Sumedang",2
"CFW Didaftarkan Paten Ini Komentar Sandiaga Uno: Anak-anak SCBD Jangan Ada yang Terzalimi, Harus Transparan",1
Ceu Popong dan Salim Segaf Dorong Kolaborasi untuk Selesaikan Masalah Kebangsaan,1
"LINK STREAMING Cinta Setelah Cinta 25 Juli 2022, Starla Pergoki Niko dan Ayu, Rencana Ben Bakal Lancar?",0
"WASPADA! Sejumlah Kota Besar Diguyur Hujan: Prakirakan Cuaca Hari Ini, Selasa, 26 Juli 2022",0
"Populasi 'Yaki' di Sulteng Turun Drastis, Tinggal Menyisakan 1.000 Ekor",2
PSIS Semarang Rekrut Pelatih Kiper Asal Inggris Rory Grand,1
"Covid-19 di KBB Sempat Menembus 101 Kasus, Warga Mulai Bergairah Vaksin Booster",0
Bareskrim Polri Tetapkan 4 Tersangka Kasus ACT,2
"Cinta Setelah Cinta 26 Juli 2022: Niko Ngamuk kepada Ayu, Arya dan Ben Berebut Perhatian Starla",0
"Prakiraan Cuaca di Kota-kota Besar di Indonesia, Bandung Hujan Ringan",0
Persis Solo Menyerah 2-3 dari Dewa United di Liga 1,2
Ucapkan Good Bye Pada Pertalite dan Solar bagi Pemilik Mobil dengan Kapasitas 2000 cc ke Atas,2
"Bantu Renovasi Rumah Warga yang Hampir Roboh, Ridwan Kamil: Tugas Pemimpin Memudahkan Urusan Rakyat",1
"Persita Siap Ladeni Persik Kediri, Vera: Butuh Start yang Bagus",1
"Identitas 11 Tersangka KASUS SUBANG Diungkap Polisi, Ada yang Berperan sebagai Pemodal",2
Kita Punya Seribu Alasan untuk Bahagia dengan Melepas Beban Emosi,1
"TOL CIPALI Kembali Memakan Korban Jiwa, 2 Tewas Akibat Tabrakan",2
"Kunker ke Babel, Kepala BPIP Yudian Wahyudi Ajak Santri dan Dosen Jaga dan Perkokoh Pancasila",1
"Demi Menambah Daya Juang, 7 Pemain Persija sampai Ganti Nomor Punggung",1
"Innalillahi Wainailaihi Rojiun, Wakil Ketua DPRD Kota Bandung Ade Supriadi Meninggal Dunia",2
GRATIS Link Live Streaming PSG vs Gamba Osaka 25 Juli 2022 Pukul 17.00 WIB Sekarang!,0
"Yogyakarta Rusuh! Batu Berterbangan di Sejumlah Sudut Kota, Driver Ojek Online Diburu Massa",2
"Keputusan Pemerintah Naikkan Harga Gas Elpiji Non Subsidi Dinilai Kurang Tepat, Ini Kata Politisi PKS",2
"Anggunnya Dian Sastro Pakai Kebaya, Lagi-lagi Bikin Penggemar Meleleh",1
Dankoharmatau Ikuti Ziarah di TMPNU Kalibata Jelang Hari Bakti TNI AU ke 75,1
Sporting Lisbon vs Sevilla Mulai Berlangsung Pukul 01.45 WIB,0
KCIC Siapkan SDM Operasional KCJB,0
"Terkait Kasus Kematian Brigadir J, Komnas HAM Periksa 7 Ajudan Irjen Ferdy Sambo, 2 Tak Penuhi Panggilan",2
Pengacara Ade Yasin: Dakwaan Jaksa KPK Cuma Mirip Isi Buku,2
"Ridwan Kamil Cek Progres Dua Bendungan Kering, Proyek Nasional Pengendali Banjir",1
"Tinggi Letusan Gunung Anak Krakatau Mencapai 157 Meter, Nelayan dan Wisatawan Dilarang Mendekat",2
Brigita Manohara Dicecar 17 Pertanyaan Penyidik KPK,2
Rincian Harga Emas Pegadaian Hari Ini 26 Juli 2022 Antam Turun UBS Naik Mulai dari Rp 505.000,0
"LINK LIVE STREAMING Persikabo vs Persebaya Surabaya, Aji Santoso Nyatakan Siap Tempur",0
"Heboh Roberto Firmino Hengkang ke Juventus, Liverpool Muluskan Jalan Kepergian Sang Striker?",0
BNN Tembak Bandar Sabu-sabu Bersenjata Api,2
"Jaring Capres-Cawapres 2024, Relawan Jokowi Bakal Gelar Musyawarah Rakyat di 34 Provinsi",1
"VIRAL! Seorang Pria Tergeletak di Jalanan Yogyakarta, Suporter Persis Solo Bentrok dengan Warga",2
"LINK LIVE STREAMING PSG vs Gamba Osaka di Jepang, Nonton Gratis Klik Hanya di Sini",0
Bocoran Harga iPhone 14 Series yang Terjangkau Lengkap dengan Spesifikasi dan Tanggal Rilis,0
"Pendaftaran HAKI Citayam Fashion Week Tak Diperlukan, Pengamat: Keuntungannya Tak Sebanding dengan Acaranya",0
BRIGADIR J Terekam CCTV Saat Beraktivitas di Rumah Irjen Pol Ferdy Sambo Sesaat Sebelum Tewas Tertembak,2
Harga Emas Pegadaian Hari Ini 25 Juli 2022 Antam dan UBS Stabil Setelah Alami Kenaikan,1
"Energize 2 Infrastruktur Ketenagalistrikan Dinilai Berhasil, Sistem Elektrifikasi Jawa Barat Semakin Andal",1
Waspada Sulit Air Bersih Saat Kemarau Basah di Kota Bandung,2
Manfaatkan Program Pemutihan Pajak Kendaraan Hingga 31 Agustus 2022,1
Tedy Rusmawan Harapkan Inovasi Dishub Soal Penanganan Kemacetan,1
"Rugikan Negara, Gudang Gas Oplosan di Patokbeusi Subang Digerebek Dit Reskrimsus Polda Jabar",2
Pemkot Bandung Kucurkan Dana UHC Rp240 Miliar per Tahun,1
IKWI Jabar Miliki Gedung Baru,1
Ketua DPRD Dorong Pemberlakuan Ganjil-Genap di Kota Bandung,0
"Pemkot Bandung Anggarkan Rp 5,8 Triliun, Terbesar Program Kesehatan dan Pendidikan",1
"Serunya Pameran Inovasi Otomotif di Kiara Artha Park, Datang Yuk!",1
"Wakil Ketua DPRD Kota Bandung, Ade Supriadi Wafat, Yana Berduka",0
Sapi dari Jateng Dilarang Masuk Jatim,2
"Dunia Sedang Tidak Baik-Baik Saja, Niko Rinaldo Ajak Pemuda Gotongroyong Aksi Nyata dalam Dialog Muda Jawa Barat",1
"Tak Mengendur, Polsek Pamanukan Terus Gencarkan Vaksinasi Booster dengan Doorprize Minyak Goreng",1
Pembagian Daging Qurban Sebaiknya Pakai Plastik,0
"Ciptakan Suasana Baru, Kepsek SDN Pamanukan 1 Buat Slogan Inspiratif",1
Pemkot Bandung Serius Garap BPJS Ketenagakerjaan bagi non-ASN,1
Tim Pencak Silat Bertema Kota Bandung Raih Medali Emas Fornas VI Palembang,1
"Innalillahi, Dua Warung di Pusakanagara Subang Ludes Terbakar",2
Begini Cara Pengolahan Sampah di RW 12 Maleer Kota Bandung,0
Target Dosis III Akhir Agustus 50 Persen,1
"LSM Ramai-ramai Laporkan PT SAG, LPKSM : Warga Jangan Dijadikan Tumbal",2
Tak Ada Beaya Pengurusan SKKH Sapi,2
Virus PMK Akan Mati Dalam Rebusan Mendidih 30 Menit,1
Brigjen TNI Ruddy Prasemilsa Mahks Jabat Kabinda Jabar,1
Edwin Senjaya Buka Pelatihan Manajemen Sanggar dan Lingkung Seni Regol,1
"Netizen di Tuban Pertanyakan Koin NU, Ini Penjelasan PCNU",0
Kapolres Subang Serahterimakan Kunci Rumah Tidak Layak Huni yang Telah Disulap Menjadi Rumah Gedong,1
Ratusan Ibu Majelis Taklim Hadiri Kegiatan Sinergi Foundation di Teras Lembang,1
Pemkot Bandung Raih Tiga Penghargaan Manajemen ASN dari BKN,1
"KONI Subang Gandeng SCH Gelar Lomba Desain Maskot Kontingen, Raih Hadiah Hingga 5 Juta",1
Masyarakat Subang Antusias Ikuti Pengobatan Gratis di RSAU Hoediono Lanud Suryadarma,1
"Bandar Togel di Subang, Tak Berkutik Diringkus Polisi",2
Akhir Agustus Pemkot BandungTargetkan Vaksin Booster Capai 50 Persen,1
Kota Bandung Siap Jadi Tuan Rumah Liga IBL Playoff Musim 2022,1
Kapolres Subang Pimpin Peletakan Batu Pertama Bedah Dua Rutilahu di Patokbeusi Subang,1
Wanita Berperan Nyata dalam Pembangunan Kota Bandung,1
Layanan Administrasi Kependudukan Kota Bandung Siap Go Digital,1
Walikota Bandung: Jangan Sampai Turun ke PPKM Level 2,0
"Cegah Perilaku Menyimpang Generasi Bangsa, Kapolsek Legonkulon Berikan Wejangan Pada Siswa di Hari Kedua Tahun Ajaran Baru",1
Wali Kota Bandung Minta Optimalisasi Kanal Media Sosial,0
11 Tahun Penjara buat Pembunuh Kakek Penjual Kopi di Tuban,2
"Dokter Muda Cantik, Serahkan Bantuan Gotong Royong DPD TMP Jabar untuk Masyarakat Kab. Garut yang Terdampak Bencana Alam",1
"Ganjal Mesin ATM di Minimarket Rest Area Tol Cipali Subang, Pria Paruh Baya Dibekuk Jajaran Sat Reskrim Polres Subang",2
"Qurban Kembali Ramai, Tedy Rusmawan Kagumi Kebersamaan Warga Bandung",1
Isue Politisasi PKH di Tuban Hoax ?,2
"Beda Hari Pelaksaan Iedul Adha, Bupati Tuban : Alhamdulillah Tak Ada Masalah",1
Pemkot Bandung Akselerasi Sertifikasi Tanah Tempat Ibadah,1
Salat Iduladha di Masjid Bisa Diikuti 100 Persen Jamaah,1
Perjalanan 6 Sekawan Pencuri Burung Berakhir dengan Dikurung,2
"Teras Belajar Smart Kini Tak Takut Panas dan Hujan, Yukk Belajar.!!",1
"Bawa Anggotanya, Danramil Pamanukan Gerudug Polsek Legonkulon Beri Kejutan Hari Bhayangkara",0
"Tekan Penyebaran Covid-19, Jajaran Polsek Binong Gandeng Puskesmas Binong Buka Gerai Vaksin di SPBU Wates",1
"Ngobras Puspaga, Yunimar Ajak Para Ibu Melek Isu Keluarga",1
"Percepat Ini, Akhirnya Pemkot Bandung Gandeng Kampus",0
"Sering Beraksi di Wilayah Pantura Subang, Komplotan Maling Motor di Bekuk Jajaran Sat Reskrim Polres Subang",2
Sebanyak Ini Pemkot Bandung Tebar Sapi dan Kambing saat Idul Adha,1
SIG Klaim Meredusir 61.380 Ton CO2 Per Tahun,1
Kecamatan Rancasari Kota Bandung Dukung UMKM Miliki NIB dan PIRT,1
Tedy Rusmawan Optimis Ekonomi Bandung Bangkit,1
Polda Jabar Tangkap 11 Orang Yang Melakukan Penyelundupan Gas Elpiji Di Subang,2
"Hari Bhayangkara ke-76, Polsek Pamanukan Dapat Kejutan dari TNI",1
"Kunjungi Trisa Purwati, Yana Beri motivasi dan Bantuan",1
"Silaturahim dan Berikan Motivasi Pada Santri di Ponpes Al-Ukhuwah Pagaden, Kapolres Subang Minta Santriwati Berani Lapor Jika Dilecehkan",1
"Pantai Semilir Tuban Memanas, Ahli Waris Bakal Adukan Pemdes Socorejo ke Polda Jatim",2
Kelurahan di Kota Bandung Mulai Invetarisasi PTSL 2023,0
"Di Moment Tahun Ajaran Baru, Jajaran Polsek Pamanukan Berikan Edukasi kepada Pelajar di Pamanukan Subang",1
"Berkat Kang Pisman, TPS-3R Dago Bengkok Kurangi Sampah 2,5 Ton",1
Panduan Qurban saat Wabah PMK Menurut Fatwa MUI,0
"Genjot Vaksinasi Booster, Kapolres Subang Gelar Gebyar Vaksinasi di Alun-Alun Pagaden",1
Ini Masukan Komisi A Bagi BKPSDM,0
"Alhamdulillah, Masjid Al Amin Bersertifikat Jemaah Tenang",1
"Target Pemkot Bandung, Pengangguran Jadi 8 Persen",0
"Saat Membungkus, Jangan Disatukan Daging dengan Jeroan",0
"Pisah Sambut Dansektor 22 Citarum Harum, Yana Ajak Tingkatkan Kolaborasi",1
Dana Desa dan CSR Belum Sentuh Penanganan TB di Subang,2
Jajaran Polsek Pusakanagara Berikan Bimbingan Kepada Calon Taruna SMKN 1 Pusakanagara,1
Segini Jumlah Jeroan Sapi dan Domba yang Dimusnahkan DKPP Kota Bandung,2
Ini Kata Yana Tentang Turnamen Sepak Bola Wanita Piala Wali Kota Bandung,0
Pemkot Bandung dan BSSN Kerjasama Pemanfaatan Sertifikat Elektronik,1
Tangis Haru Gadis Puluhan Tahun Tidak Bisa Berjalan Mendapatkan Kursi Roda Oleh Kapolres Subang,1
"Perkenalkan Pertanian Pada Kaum Milenial, Polbangtan Bogor Bersama Pemda Subang Gelar Open Day di SMKN 1 Pusakanagara",1
"Lindungi Kaum Milenial, Polres Subang Musnahkan Berbagai Jenis Miras",1
Kodim 0605/Subang Kolaborasi dengan Asistel Mabes-AD Gelar Binkom Cegah Konflik Sosial,1
Polsek Legonkulon Gandeng Pemdes Legonwetan Gelar Gebyar Vaksin Booster,1
"Hadiri Tahlil hari ke 7, DPD Taruna Merah Putih Jabar turut berbela sungkawa kepada keluarga korban Perundungan Tasikmalaya",1
Sejumlah Anak Yatim Mendapat Daging Qurban dari Tim Penggerak PKK Kota Bandung,1
DPRD Kota Bandung Setujui Raperda Pertanggungjawaban APBD 2021,0
Komisi B Minta RSUD Kota Bandung Benahi Fasilitas Layanan,0
Komisi B Sarankan Tindak Lanjut Dana Retribusi Bagi Gedung Tinggi,0
"Resmikan Klinik Happy Healty Farma, Bupati Subang : Terima Kasih Telah Memenuhi Kebutuhan Pelayanan Kesehatan Masyarakat",1
Selain Ultah ke-61 IKWI Gelar Konsolidasi,0
"Resmi Dibuka, Turnamen Bola Volly Taman Anggur Kukulu Diapresiasi Ketua TMP DPD Jabar",1
"Dies Natalis SMAN 1 Pamanukan ke 41 Th, Alumni Nepamâ€™84 Gelar Bakti Sosial dengan Memungut Sampah",1
"Dilantik Menjadi Ketua DPD TMP Jabar, Niko Rinaldo Siap Rangkul Kaum Milenial",1
Kapolres Subang Berikan Kadeudeuh pada Balita Asal Desa Mulyasari Pamanukan yang Menderita Lumpuh dan Terdapat Gumpalan di Otak,1
Ini Solusi Sosial Ekonomi Kelurahan Tamansari Kota Bandung,1
Nikmatnya Santap Daging Kurban,0
Pemkot Bandung Sebar 100 Ekor Kambing dan 45 Ekor Sapi Kurban,1
Pemkot Bandung dan Kodim 0618/BS Salurkan 2200 Dus Migor Curah,1
Sebanyak 200 Dosis Vaksin Sudah Diberikan Pada Peternak,1
Cari Kacamata Murah? Jalan ABC Solusinya!,0
"Tingkatkan Akses Pendidikan, Pemkot Bandung akan Bangun 16 SMP Baru",1
"RASS, Instalasi Keamanan dan Pembentukan Karakter Siswa dengan Berjalan Kaki",1
Hukum dan Panduan Pelaksanaan Ibadah Kurban saat Wabah PMK Menurut Fatwa MUI,0
Lancaster University dan Deakin University Bakal Dirikan Kampus di Kota Bandung,1
"Jalani Observasi, Yana Pastikan Dirinya dalam Keadaan Sehat",1
Menpora: Stadion GBLA Layak Digunakan Persib Bandung,1
Wali Kota Bandung Minta Optimalisasi Kanal Media Sosial,0
Disdagin Kota Bandung Fasilitasi 50 UMKM Promosi ke Toko Swalayan,1
"Kunjungi Remaja Amputasi, Yana Beri motivasi dan Bantuan",1
"Wajib Coba, Tiga Tempat Makan Populer di Sekitar Pasar Cihapit",0
Pemkot Bandung Kucurkan Dana UHC Rp240 Miliar per Tahun,1
"Terapkan Kang Pisman, TPS-3R Dago Bengkok Kurangi Sampah Hingga 2,5 Ton",1
"Sportourism, Geliatkan Pertumbuhan Ekonomi Kota Bandung",1
Ingin Menikmati Lomie Murah Meriah? Yuk ke Lomie Rangin!,0
Ini Asal Muasal Nama Daerah di Bandung yang Berawalan,0
Pemkot Bandung Targetkan Pengangguran Turun Jadi 8 Persen,1
"Cari Oleh-oleh Kota Bandung, Ini Dia Tiga Toko Recommended",0
"Pemkot Bandung Siap Salurkan Bantuan RMP Rp89,4 Miliar",1
Yuk! Intip dan Tiru Cara Pengolahan Sampah di RW 12 Maleer,1
Kembali Beroperasi! Catat Rute Bus Sekolah Gratis di Kota Bandung,1
"Alhamdulillah, Masjid Al Amin Bersertifikat Jemaah Tenang",1
Tetap Nikmat Santap Daging Kurban Tanpa Khawatir Kolesterol,1
Semarak Pelajar Kota Bandung Sambut Tahun Ajaran 2022/23,1
"Tambah Ruang Publik, Pemkot Bandung Resmikan Ciko Arena 1",1
DKPP Kota Bandung Musnahkan Lebih dari 369 Kg Jeroan Sapi dan Domba Kurban,2
"Zero APBD, Kolaborasi Jadi Solusi Sosial Ekonomi Kelurahan Tamansari",0
Kangen Pantai? Ini Kafe Bernuansa Pantai di Kota Bandung,0
Anak Muda Bandung Harus Jadi Humas bagi Gerakan Generasi Berencana,1
Iduladha 1443 H: Pemkot Bandung Tebar 45 Sapi dan 100 Domba,1
Ingin Sensasi Memetik Jeruk Jepang? Yuk ke Mupu Jeruk,0
"Pisah Sambut Dansektor 22 Citarum Harum, Yana Ajak Tingkatkan Kolaborasi",1
"Kadeudeuh untuk Juara MTQ, Yana: Pembinaan Kami Berkelanjutan",1
Kota Bandung Masuk Top 5 Daerah yang Aktif Mempublikasikan Vaksinasi,1
Ema: Pengolahan Sampah di Kota Bandung Tunjukkan Tren Positif,1
"Habiskan Liburan Sekolah, Yuk Belajar Sejarah di Museum Kota Bandung",0
ISPA dan Diare Ancam Kesehatan di Musim Pancaroba,2
Ingin Bersantai? Yuk Kunjungi Tiga Taman di Pusat Kota Bandung,0
"Sasar Zilenilal, DPPKB Kota Bandung Kemas Hari Keluarga Nasional Lewat Acara Festival",1
"#Satsetsatset Akselerasi Program, Wali Kota Bandung Bentuk Tim Percepatan Pembangunan",1
"Masih Kurang dari Kuota, Disdik Kota Bandung Akan Kembali Buka PPDB Online",0
Kota Bandung Siap Jadi Tuan Rumah Liga IBL Playoff Musim 2022,1
"Serunya Pameran Inovasi Otomotif di Kiara Artha Park, Datang Yuk!",0
"RPH Ciroyom, Peninggalan Belanda yang Masih Berfungsi Hingga Saat Ini",0
Serunya Berburu Kuliner Hingga Fesyen di Trademark Market 2022,0
Antusias Orang Tua Murid Sambut Tahun Ajaran Baru,1
"Percepat Vaksinasi Booster, Pemkot Bandung Gandeng Kampus hingga Tempat Wisata",1
"Selfie di dalam Pasar Tradisional, Yuk ke Pasar Kosambi",0
"Rumah Seni Ropih, Pelopor Penjual Lukisan di Braga",1
Pemkot Bandung Pastikan Taman Kota dalam Kondisi Terpelihara,1
Kota Bandung Bahas Sister City dengan Gumi dan Gimcheon Korsel,1
Toko Kelom Geulis Keng: Alas Kaki yang Tak Lekang Waktu,0
Pemkot Bandung dan BSSN Teken Kerja Sama Pemanfaatan Sertifikat Elektronik,1
Kolaborasi Bangkitkan Braga dari Dampak Pandemi Covid-19,1
"Taman Super Hero, Ini Sejumlah Fakta Menarik yang Perlu Diketahui",0
"Kejar Target, Kelurahan Mulai Invetarisasi PTSL 2023",1
Pemkot Bandung Targetkan Vaksin Booster Capai 50 Persen di Akhir Agustus,1
"Rancang 8 Program Prioritas, Pemkot Bandung Bakal Anggarkan Rp5,8 Triliun",1
MPLS dan PTM Sekolah di Kota Bandung Berlangsung 100 Persen,0
"Musim Pancaroba, Waspadai 5 Penyakit yang Rentan Terjadi",2
"Aturan Baru Masuk Mal di Kota Bandung, Berikut Ini Penjelasannya",0
"Tekankan Booster, Yana: Jika Kita Turun ke PPKM Level 2, Semua Kena Rugi",1
Salat Iduladha Berjemaah di Masjid Bisa 100 Persen,0
Kepala Disdik Kota Bandung: MPLS Tumbuhkan Kreativitas Siswa Baru,1
Yuk Manfaatkan Program Pemutihan Pajak Kendaraan Hingga 31 Agustus,0
Pemkot Bandung Terus Akselerasi Sertifikasi Tanah Tempat Ibadah,1
"Pandemi Covid-19 mereda, Pelaku Usaha Kuliner Mulai Menggeliat",1
Buruan SAE Kecamatan Ujungberung Bantu Ekonomi Warga,1
Canggih! Layanan Administrasi Kependudukan Kota Bandung Siap Go Digital,1
"Dukung MPLS, Wali Siswa SDN 172 Andir Kidul Ikut Upacara Bersama",1
Kecamatan Rancasari Dukung UMKM Miliki NIB dan PIRT,1
"Cegah PMK, Jangan Satukan Daging dan Jeroan dalam Satu Wadah!",0
"Jelang Iduladha, Pemkot Bandung Telah Periksa 8331 Hewan Kurban",1
"Co-Working Space Rancasari, Pusat UMKM Naikkan Level Marketing",1
"Gudang Insan Kreatif, Ini 3 Jagoan Subsektor Ekraf Kota Bandung",1
"Ngobras Puspaga, Yunimar Ajak Para Ibu Melek Isu Keluarga",1
"Wakil Ketua DPRD Kota Bandung, Ade Supriadi Wafat, Yana Berduka",2
Pemkot Bandung Bersama Kodim 0618/BS Salurkan 2.200 Dus Minyak Goreng Curah,1
"Sosok di Balik Seramnya Valak, Terdapat Kisah Inspiratif",1
Pemkot Bandung Seriusi BPJS Ketenagakerjaan bagi non-ASN,1
Pemkot Bandung Sebarkan 100 Ekor Kambing dan 45 Ekor Sapi Kurban,1
"Turnemen Sepak Bola Wanita Piala Wali Kota Bandung, Yana: Kita Berpotensi",1
Keren! Pemkot Bandung Raih Tiga Penghargaan Manajemen ASN dari BKN,1
Makanan yang Wajib Dicoba Ketika Berkuliah di Kawasan Cibiru,0
Hujan Meteor Bakal Lintasi Langit Kota Bandung Juli Ini,2
Tim Penggerak PKK Kota Bandung Bagikan Kurban untuk Anak Yatim,1
Wali Kota Bandung Ingatkan Taat Prokes Saat MPLS dan PTM,1
Begini Cara Mengolah Daging Kurban Cegah Virus PMK,1
"Jelang Idul Adha, Pemkot Bandung Telah Periksa 8331 Hewan",1
Mencari Audio Tape Berkualitas Tinggi Harga Miring? Yuk Kunjungi Pasar Cihapit!,0
"Jelang Peringatan Hari Anak Nasional, Kota Bandung Gelar Sejumlah Kegiatan",0
"Cegah Penyimpangan, Penyelenggara Penggalangan Dana Harus Akuntabel dan Transparan",1
Kuota Belum Terisi: Orang Tua Pilih Datang ke SD Secara Langsung,0
"Peringati Harganas, Pencegahan Stunting Jadi Perhatian",1
"Uncle Chen, Bakmie Nikmat yang Tersembunyi di Pasar Gempol",0
Humas Kota Bandung Gelar Podcast di Pasar Kreatif TSM,1
"PMK Masih Mewabah, Pembagian Daging Hewan Kurban Dianjurkan Menggunakan Plastik",2
Menilik Sejarah Villa Isola Bandung,0
"Bukan Fogging, Ini Cara Efektif Paling Utama Berantas DBD",1
Yana Pastikan akan Terus Tingkatkan Indeks Kesehatan Kota Bandung,1
The Panturas Bakal Gelar Showcase di Tiga Kota Bertajuk Wahana Ombak Banyu Asmara,1
"Dari Dewa 19 Hingga Kangen Band Bakal Tampil di Playlist Live Festival 2 Laswi City Heritage, 17-18 September",0
"Jadwal Nonton Film Ivanna di CGV Bandung Tayang 16 Juli 2022, Lengkap dengan Harga Tiket",0
"CONTOH Kesan dan Pesan Saat Mengikuti MPLS di SMP, SMA, dan SMK, Cocok Diberikan ke Panitia OSIS",0
"Rekrutmen PPPK 2022 Segera Dibuka, Ini Persyaratan yang Harus Dilengkapi",0
"KUMPULAN Quotes MPLS 2022 Lucu dan Unik, Cocok Dibagikan di Sosial Media, dari Intagram hingga TikTok",0
"KUMPULAN Contoh Surat yang Ditunjukan untuk Kakak Kelas, OSIS dan Panitia MPLS",0
"Jadwal Nonton Film IVANNA di CGV dan XXI Bekasi 14 Juli 2022, Lengkap dengan Harga Tiket",0
Link Download Materi Lengkap MPLS Tema Pembinaan Mental Agama di Sekolah,0
"Sudah Beraksi di 50 Lokasi, Sembilan Pelaku Curanmor Berhasil Dibekuk Polres Cimahi",2
"Film IVANNA Tembus 1 Juta Penonton Kurang dari Satu Pekan, Berikut Ini Sinopsisnya",0
"Bikin Haru, Setelah Sekian Lama Ameena Putri Atta dan Aurel Akhirnya Bertemu Gen Halilintar",0
BOCORAN Alchemy of Souls Episode 9 Tayang Jam Berapa? Simak Jadwal Tayangnya dan Link Nontonnya,0
"Jadwal SIM Keliling Kabupaten Bandung Hari Jumat 15 Juli 2022, Lokasinya di Baleendah dan Soreang",0
WAJIB TAHU! Terlalu Sering Minum Minuman Manis Kemasan Ternyata Bisa Picu Penyakit Kanker Mematikan,2
"LAGI VIRAL, Ini Link Test Usia Mental Indonesia Cukup Klik Link Berikut",0
Postingan Anya Geraldine Bikin Warganet 'Meleleh' saat Kenakan Tanktop Putih,0
"Potret Glenca Chysara dengan OOTD Bergaya Trendi, Tampil Memesona dan Dipuji Warganet",1
"Manchester City Lirik Bek Brighton Marc Cucurella, Jadi Opsi Terbaik untuk Pep Guardiola",0
Jadwal Nonton Film Detective Conan The Bride of Halloween di Bioskop CGV Bandung Kamis 21 Juli 2022,0
"Apa Itu Istilah 'Hangry' saat Lapar, Simak Penjelasan Lengkapnya",0
"Cha Eun Woo Kunjungi Jakarta Besok, Penggemar Dibuat Tak Sabar",0
"KPK Yakin Ada Alat Bukti Bendahara Umum PBNU Mardani Maming Terima Suap Rp104,3 Miliar",2
"Ini Besaran Gaji dan Tunjangan PPPK 2022 yang Diterima Setiap Gelombang, Paling Tinggi Rp 6 juta",0
"Dian Sastro dan Putri Marino Lagi jadi Perbincangan, Keduanya Bakal Bintangi Film Gadis Kretek",0
"Tayang Besok, Ini Jadwal Nonton Film IVANNA di Bioskop XXI Bogor Kamis 14 Juli 2022",0
"Diduga Kabur ke Papua Nugini, Bupati Mamberamo Tengah Ricky Ham Pagawak Jadi DPO KPK",2
"Google, FB, dan WhatsApp, Terancam Diblokir pada 20 Juli 2022",2
"Arti Asmaul Husna: Ar Rahman, Ar Rahim, dan Al Malik, Yuk Kita Hafalkan dan Selalu Menyebutnya",0
18 Nama Peserta Junior MasterChef Indonesia 2022 Lengkap dengan Asal dan Akun Instagram,0
Cerita Aisyah Aqilah Alami Hal Mistis saat Syuting The Sacred Riana 2: Bloody Mary,0
Syifa Hadju Tampil Kenakan Mini Dress Seharga Rp3 Jutaan di Hari Ulang Tahunnya Ke-22,0
Doa Setelah Sholat Istikharah Lengkap Bacaan Latin dan Artinya,0
"JADWAL Pertandingan Liga 1 Pekan Perdana: Bhayangkara FC vs Persib, PSIS vs Rans Nusantara Jadi Pembuka",0
"Jelang Hari Pernikahan, Via Vallen Mulai Deg-degan dan Bagikan Potret Prewedding",0
"Festival GUDFEST 2022 Digelar di Stadion Madya Senayan Jakarta, 18-20 November, Ini DIa Harga Tiketnya",0
"Bikin Semangat ke Sekolah, Ini 5 Yel-yel MPLS Siswa Baru SMP, SMA dan SMK Pakai Lagu Hits di TikTok",0
"JADWAL LIGA 1: Bhayangkara vs Persib Petang Ini, Persikabo vs Persebaya Besok",0
"Jadwal SIM Keliling Kabupaten Bandung Hari Kamis 14 Juli 2022, Cek Lokasi Lengkapnya",0
"LINK dan Langkah Tes Usia Mental Bahasa Indonesia, Berikut Cara Main Mental Age Test",0
Lirik Lagu Sekali Seumur Hidup Lesti Kejora yang Baru Rilis,0
"Masih Tayang, IVANNA Telah Sapa Lebih dari 500 Ribu Orang di Bioskop",0
"33 Jawaban Minuman Teka-teki MPLS untuk SMP, SMA dan SMK: Sirup Alfabet, Minuman Spiritus dan Darah Beku",0
Ribuan Santri dan Ulama Karawang Dukung Ganjar Pranowo Jadi Presiden,1
"Krisdayanti dan Ameena Hanna Nur Atta Selfie Bareng Geni Faruk, Warganet Doakan Kebahagiaan Mereka",0
"JAWABAN 35 Teka-teki MPLS Snack dari Dodol Sapi, Snack Cadel, Tongkat Badai, SpongeBob Lembek",0
"Indonesia vs China: Perebutan Tiket Perempat Final FIBA Asian Cup, Senin 18 Juli 2022 Petang Nanti",0
"Ini Bacaan Doa Sebelum dan Sesudah Tidur Lengkap dengan Artinya, Amalkan Yuk",0
Jadwal Nonton IVANNA Weekend 16-17 Juli 2022 di Bioskop Batam dan Harga Tiketnya,0
Lokasi SIM Keliling Polres Cimahi Hadir di Tempat Ini Kamis 14 Juli 2022,0
5 Fakta Kenapa di Kamar Hotel Gak Ada Guling dan Ternyata Ini Alasannya,0
"Bikin Ngiler! Intip Resep dan Cara Membuat Oseng Kerang Dara, Cocok untuk Hidangan Makan Siang",0
"Jadwal SIM Keliling Kota Bandung Hari Kamis 14 Juli 2022, Hadir di Dua Lokasi",0
"Kumpulan Contoh Susunan Upacara Pembukaan MPLS untuk SMP, SMA dan SMK Singkat, Jelas Tapi Penuh Makna",0
"Refal Hady kembali Menarik Perhatian, Bikin Kaum Hawa 'Meleleh' Lagi",0
"11 Tempat Terlarang dan Tak Bisa Dikunjungi di Dunia, Nomor 3 Nyawa Taruhannya",0
"BOCORAN 25 Jawaban Teka Teki MPLS Edisi Minuman: Minuman Aku Kamu, Minuman Putih Tidur, Air Tanah",0
Link Download Jadwal Pelajaran KElas 1-6 SD/MI Edisi Kurikulum Merdeka Belajar,0
Catat Guys!Â Ini 11 Kepribadian Pria yang Bisa Membuat Wanita Jatuh Cinta,0
"Contoh Teks Sambutan Ketua RT yang Berwibawa untuk HUT Kemerdekaan Indonesia Rabu, 17 Agustus 2022",0
"ASAL USUL dan Cara Main Tes Usia Mental yang Lagi Viral di Medsos, Ternyata Awalnya dari Negara Ini",0
"SINOPSIS Film Korea 2037, Kisah Pilu Gadis 19 Tahun Rela Lepaskan Mimpi jadi PNS, Viral di TikTok",0
"Simak Link Tes Usia Mental, Klik Link Ini, Hasilnya Bakal Sesuai Ekspektasi?",0
"LIRIK Lagu Casablanca Nuha Bahrin dan Naufal Azrin, Lengkap dengan Terjemahannya",0
"Daftar 10 Aplikasi Grammar Bahasa Inggris Online Gratis, Kemampuan Kamu Bisa Semakin Terasah",0
Bocoran Sinopsis Film Pengabdi Setan 2 Communion: Lebih Menyeramkan dan Menakutkan,0
"Jadwal SIM Keliling Kota Bandung Hari Jumat 15 Juli 2022, Cek Lokasi Lengkapnya di Sini",0
"20 Pantun Ucapan Selamat Tahun Baru Islam 1444 Hijriyah Unik, Lucu, dan Kocak, Cocok untuk Teman",0
"Ternyata Menyimpan Telur di Dalam Kulkas Bisa Berbahaya, Simak Penjelasannya di Sini",2
IWO Jabar dan GNIJ Perkuat Sinergitas Wujudkan Indonesia Juara Atas Dukungan Ridwan Kamil,1
"Ini Rangkaian Acara Pernikahan Via Vallen dan Chevra Yolandi, Pelantun Lagu 'Sayang' Mulai Gugup",0
"Masuk Radar PDIP, Andri Gunawan: Saya Hanya Anak Kampung, Seperti Mimpi",1
CUACA HARI INI: BMKG Memprediksi Sebagian Wilayah Jabar Terjadi Hujan Ringan,0
Lokasi Mobil SIM Keliling Polres Cimahi Hari Jumat 15 Juli 2022,0
"Hati-hati dengan 4 Aplikasi Ini, Berbahaya Bagi Isi Rekening dan Ponsel Kamu",2
Apakah Hasil Tes Usia Mental Akurat dan Sesuai? Simak Penjelasan Lengkapnya,0
Pasar Tradisional Didorong Miliki Konsep Modern untuk Meningkatkan Daya Saing,1
MMKSI Perkenalkan New Colt L300 kepada Konsumen Loyal di Bandung Melalui Kegiatan Customer Gathering,1
"Bersekongkol dengan Rusia, Kepala Intelijen dan Jaksa Agung Ukraina Dipecat",2
"Gaya Cewek Mamba Ala Bunga Citra Lestari, Terlihat Elegan dan Fashionable",0
"Pesona Titi Kamal Pakai Seragam SMA saat Hadiri Ultah Ussy Sulistiawaty, Disebut Masih Cocok jadi Pelajar",0
Resep dan Cara Membuat Cap Cay Kuah yang Gurih dan Bergizi,0
7 Contoh Surat Ucapan TerimaÂ Kasih dalam Rangka MPLS Cocok Ditujukan ke OSIS dan Panitia di Sekolah,0
WOW! YouTuber Sekarang Bisa Ngutang ke Bank Menggunakan Kontennya,0
"Uang Miliaran Dibawa Kabur, Dua Perempuan Asal Bekasi Lapor ke Polda Jabar",2
"Pamer Cincin Pernikahan di Balik Selimut, Jennifer Lopez Terlihat Bahagia dan Cantik Walau Tanpa Make Up",0
"Untuk Versi Tertentu, WhatsApp Dikabarkan Kembangkan Fitur Sembunyikan Status Online",0
"Sedang Tayang di Bioskop, Lebih dari 205 Ribu Orang Sudah Ketemu IVANNA di Hari Pertama Penayangan",0
"Simak Kelebihan dan Kekurangan OPPO A16, Smartphone Harga Terjangkau",0
"Jadwal Nonton Film Ivanna di Bioskop CGV Tangsel 15 Juli 2022, Lengkap dengan Harga Tiket",0
"Intip Tiga Gaya Workout Anya Geraldine, Terlihat Natural dan Tetap Memesona",0
"30 Snack Teka-Teki Jelang MPLS 2022, Ada Chiki Pembohong, Chikil Mal Jakarta hingga Biskuit Nabi",0
"Gempa Magnitudo 5,8 Guncang Bengkulu, BMKG Sebut tak Berpotensi Tsunami",0
Wajib Tahu! Ini Daftar Penyakit yang Ditanggung dan Tidak Ditanggung BPJS Kesehatan,0
"Pengurus IKA Uninus 2022-2027 Dilantik, Rektor Berharap Alumni Ikut Memajukan Uninus",1
"Ini Daftar Harga Terbaru Tiga Jenis BBM di SPBU Pertamina di 34 Provinsi, Berikut Rinciannya",0
"Prakiraan Cuaca Hari Ini, Senin, 18 Juli 2022, Wilayah Jabar Kembali Diguyur Hujan",0
"Cara Main Tes Usia Mental, Berikut Ini LINK dan Langkah Mental Age Test Bahasa Indonesia",0
"COBA SEKARANG! Ini Kumpulan Link Twibbon MPLS 2022 untuk SMP, SMA dan SMK Desain Terbaru dan Kekinian",0
"Kapolresta Bandung Sidak ke Pasar Sehat Soreang, Antisipasi Peredaran Mi Formalin di Masyarakat",1
Ketum SMSI Firdaus : Kembangkan Jalinan Sinergitas Seluas-luasnya,1
Imigrasi Bandung Raih Penghargaan Gold Winner Humas terbaik dari Ditjenim,1
"IKWI Jabar Miliki Kantor Sekretariat, Atal.S Depari : Dukung Pelaksanaan Program-Program Strategis",1
"Adhi Karyono Jabat Sekdaprov Definitif, Dwi Hari Cahyono : Harus Pastikan Pelayanan Publik Di Jatim Baik",1
Tahlil untuk Eril Bergema di Depan Ka'bah,0
"Keren, Pemkot Bandung Raih Tiga Penghargaan Manajemen ASN dari BKN",1
"Jabar Optimistis Target Imunisasi 3,4 Juta Anak Tercapai",1
Subsidi BBM Semakin Menambah Berat Beban APBN,2
Ridwan Kamil Raih Penghargaan iNews Maker 2022,1
"Ketua DPW PRIMA Jawa Barat, Iwan Chandra Optimis Partai PRIMA Lolos Pemilu 2024",1
Pelaksanaan Youth 20 Akan Dimeriahkan Festival Inovasi Khas Anak Muda,1
"RASS, Instalasi Keamanan dan Pembentukan Karakter Siswa Dengan Berjalan Kaki",1
"Rumah Siti Di Cisompet Kebakaran, Ketua DPC PDI Perjuangan Garut Berikan Bantuan",1
"Bangun Pariwisata Gorontalo, Menteri Parekraf Gandeng HIPMI",1
"Buka Hotline Pengaduan, Polresta Sidoarjo Panen Ungkap Kasus Pencabulan",1
"Ketua Golkar Kurang Kenalkan Partai Ke Publik, Inilah Penyebab Elektabilitas Golkar Di Jatim Cuma 3 Persen",2
Layanan Administrasi Kependudukan Kota Bandung Siap Go Digital,1
"Bukan Fogging, Ini Cara Efektif Paling Utama Berantas DBD",1
Partai PRIMA Pastikan Daftar Sebagai Peserta Pemilu 2024,0
Ridwan Kamil Beserta Istri Bertakziah di Kediaman Almarhum Tjahjo Kumolo,0
"Maksimalkan Pengelolaan Sampah Regional, Revisi Perda Pengelolaan Sampah Di Jawa Timur Dikebut",1
Ridwan Kamil Kunjungi Jemaah Haji Asal Jabar,1
Sekda jabar Tekankan Pentingnya Penyederhanaan Birokrasi,1
Indeks Demokrasi Indonesia Jabar Terus Meningkat,1
"Tambah Ruang Publik, Pemkot Bandung Resmikan Ciko Arena 1",1
Uu Ruzhanul Perkuat dan Perluas Peluang Kerja Sama Jabar-Jepang,1
"Payung Hukum Turun, Kejati Jawa Timur Pelototi Penggunaan Anggaran Penanganan PMK di Daerah",0
Disdagin Kota Bandung Fasilitasi 50 UMKM Promosi ke Toko Swalayan,1
Brigjen TNI Ruddy Prasemilsa Mahks Gantikan Brigjen TNI Dedy Agus Purwanto Sebagai Kabinda Jabar,0
"Polemik Holywings, Ridwan Kamil: Kewenangan Kabupaten dan Kota Untuk Tindak Tegas",0
"Mendesak Sekali, Jawa Timur Segera Bangun Tempat Pengelolaan Sampah Regional",2
Kolaborasi Bangkitkan Braga dari Dampak Pandemi Covid-19,1
Ridwan Kamil Lepas 413 Calon Jemaah Haji Kloter 34 asal Jawa Barat,0
"Golkar Kehilangan Figur Tokoh, Kader Senior Beber Syarat Kader Yang Layak Maju Pilgub Jawa Timur|",0
Ridwan Kamil Beri Bantuan Seorang Remaja Yang Lumpuh,1
Ridwan Kamil Tinjau Kelayakan Rumah Nenek Ami Setelah Direnovasi,1
Jawa Barat Lepas Ekspor Kelapa Parut ke Meksiko,1
Sekda Tantang 25 Milenial Terpilih Beri Warna Baru Lewat Inovasi,1
"Bedah Buku Loper Koran Jadi Jenderal, Iwan Setiawan : Dudung Memang Tokoh Inspiratif",1
"Jabar Berdzikir, Ulama dan Umaro Berdoa Agar Jabar Maju",1
Balai Rehabilitasi Napza Adhyaksa di Bandung Sarana Pemulihan Tepat Kurangi Ketegantungan Narkoba,1
"Sejahterakan Umat, Remaja Masjid Di Jawa Timur Diberi Pelatihan Bisnis",1
Pemkot Bandung Perhatikan BPJS Ketenagakerjaan Bagi Non ASN,1
DPRD Kota Bandung Setujui Raperda Pertanggungjawaban APBD 2021,1
Jabar Dukung FAO Kembangkan Jalur Laluan Ikan Endemik Pada Bendungan,1
"Berdikari Di Negeri Orang, Gerindra Perjuangkan Pelatihan PMI Asal Jawa Timur Yang Akan Berangkat Ke Luar Negeri",1
"Sarmuji Maju Pilgub Jawa Timur Disorot, Kader Muda Golkar Pasang Badan",0
"Transformasi PT Migas Hulu Jadi Migas Utama, Uu Ruzhanul: Inovasi Tingkatkan PAD Jabar",1
"Pusat UMKM, Co-Working Space Rancasari Naikkan Level Marketing",1
Ridwan Kamil: Kebijakan Pusat Lewat Aplikasi Peduli Lindungi Akan Disinkronisasi dengan Program Pemirsa Budima,0
"Miliki 1.490 Desa Mandiri, Jumlah Desa Mandiri Di Jatim Naik Signifikan",1
"Kinerja Lemot, Bappeda Jawa Timur Disebut Sering Gagap Regulasi",2
"Urutan Ke-4 Hasil Survei Di Jawa Timur, Golkar : Ini Cambuk Di Pemilu 2024",0
Ketua DPC PDI-P Garut Yudha Puja Turnawan Bantu Korban Banjir,1
Wali Kota Bandung Minta Optimalisasi Kanal Media Sosial,0
Pemkot Bandung dan BSSN Teken Kerja Sama Pemanfaatan Sertifikat Elektronik,1
Kasad Jenderal Dudung Abdurachman Minta SMSI Kembangkan Jurnalisme Jujur,1
"Warga Melawan, TNU Lanud Mulyono Nekat Eksekusi Puluhan Rumah Purnawirawan Di Surabaya",2
Jabar Gencarkan Penanaman Jutaan Bibit Mangrove di Pesisir Utara,1
"Sekdaprov Jawa Timur Definitif Dilantik, Gus Fawait: Terima Kasih Pj Sekdaprov Wahid Wahyudi",1
Ridwan Kamil: PKK Adalah Benteng Keluarga,0
"Rajin Dukung Program Kehutanan di Jatim, Sahat Tua Simanjuntak Raih Penghargaan Nirwasita Tantra",1
"Y20 Summit Press Conference, Dukungan Nyata Pemprov Jabar",1
"Krisis Figur Tokoh, Saatnya Tokoh Muda Golkar Tampil Di Pilgub Jawa Timur",0
"Kerahkan 70 Ribu Kader Di Puncak Harlah, PKB Jawa Timur Target Menang Muhaimin Iskandar Di Pilpres 2024",1
"Mau Pergi Ke Area Publik di Jawa Timur, Inilah Syaratnya",0
"Hidupkan Ekonomi TKI Saat Ibadah Haji, Gus Fawait: Kami Apresiasi Menteri Agama",1
Wali Kota Bandung Ingatkan Taat Prokes Saat MPLS dan PTM,0
Ridwan Kamil Pastikan Sistem Pelayanan Jemaah Haji Jabar Maksimal,1
"Simulasi Pilgub, Duet Khofifah-Fawait Tempel Ketat Khofifah Emil Di Pilgub Jatim",0
"Pengurus IKA Uninus 2022-2027 Dilantik, Rektor Berharap Bisa Bersinergi",1
Wagub Jabar Ingatkan Penanganan Stunting Tetap Skala Prioritas,1
Alumni Lemhanas Soroti Soal Khilafah Yang Mengancam Ideolgi NKRI,2
"Pemprov Jabar Sediakan SMA/SMK Gratis di Kota Bandung dan Cimahi, Cek Syaratnya Sekarang",0
Ridwan Kamil Berikan Bantuan Pendidikan untuk Anak Yatim Alika Putri,1
"Kasus Asusila Di Kabupaten Malang Meningkat Tajam,Legislator Agusdono Mengaku Prihatin",2
Ridwan Kamil Ajak IKAPTK Wujudkan Pembangunan Jabar Juara,1
Fraksi-fraksi di DPRD Jabar Tanggapi Pertanggungjawaban APBD 2021,0
Bandung Jadi Kota Terbaik Untuk Pelajar di Indonesia,1
Humas Kota Bandung Gelar Podcast di Pasar Kreatif TSM,1
Sportourism Bangkitkan Pertumbuhan Ekonomi Kota Bandung,1
"Fenomena Citayam Fashion Week Menular Ke Daerah, Rohani :Butuh Pengakuan Eksistensi Dari Pemerintah",1
Pergelaran Flash Mob Angklung Pukau Warga Amerika Serikat,0
"Di Tengah Gempuran Angkutan Online, Iwan Bule Siap Bantu Selesaikan Persoalan Organda Jabar",1
"Zero APBD, Kolaborasi Jadi Solusi Sosial Ekonomi Kelurahan Tamansari",1
"SMSI Jawa Barat Kembali Gelar Rakerda, Kabupaten Bekasi Jadi Tuan Rumah",0
Ridwan Kamil: KTT Y20 dengan Pesan Perdamaian Jadi Lokomotif Pemuda Indonesia Bangun Masa Depan,1
Ridwan Kamil Ikuti Kejuaraan Tenis Meja Adhyaksa Open 2022,0
Pemerintah Siapkan 17 Ribu Titik Pantau Pemotongan Hewan Qurban Di Jawa Timur,1
Pembangunan Masjid Raya Al-Jabbar Sudah Capai 56 Persen,1
"Wakil Ketua DPRD Kota Bandung, Ade Supriadi Wafat, Yana Berduka",2
Kota Bandung Siap Jadi Tuan Rumah Liga IBL Playoff Musim 2022,1
"Rumah Seni Ropih, Pelopor Penjual Lukisan di Braga",1
Jawa Barat Raih Dua Penghargaan Nasional Prestasi Kompetensi Pemerintahan,1
Kementerian Hukum dan HAM Canangkan Pariwisata Berbasis HAM di Jawa Barat,1
Danpussiad Brigjen TNI Iroth Beri Bimbingan Teknis Media Siber,0
Uu Ruzhanul Ulum: Harganas Momentum Perkokoh Hakikat Sebuah Keluarga,1
Buruan SAE Kecamatan Ujungberung Bantu Ekonomi Warga,1
Ridwan Kamil Jenguk Jemaah Haji Jabar Yang Sakit Stroke,1
Ridwan Kamil Sudah Selesaikan Tugas Sebagai Amirul Hajj Jabar,1
DPRD Kota Bandung Minta RSUD Benahi Fasilitas Kesehatan,2
Program Buruan SAE Kecamatan Ujungberung Membantu Ekonomi Warga,1
Komisi A Dukung Pengembangan Kreasi Seni Pencak Silat,1
Hujan Meteor Bakal Lintasi Langit Kota Bandung Juli 2022,0
"Dugaan Korupsi Bantuan Operasional Sekolah, Kejari Periksa 100 Kepsek",2
"Protes Hasil Muscab, Pengurus DPAC Geruduk Kantor DPD Demokrat Jabar",2
"Sabet Green Leadership Terbaik, MGP Puji Kinerja Bupati Bandung",1
DPRD Berharap IKAPI Dorong Kemajuan Kota Bandung,1
Puluhan Massa Koalisi Anti Korupsi Geruduk BPK RI Perwakilan Jabar,2
"Sekretariat IKWI Jabar Diresmikan, Siap Dukung Pelaksanaan Program-Program Strategis",1
DKPP Musnahkan Ratusan Kilo Jeroan Sapi dan Domba Kurban,2
"Rapat Dengan Bapenda, ini yang Disampaikan Komisi B DPRD Kota Bandung",0
Pemkot Bandung Kembali Gelar Pasar Kreatif di 6 Pusat Perbelanjaan,1
Harus di Coba Tiga Tempat Makan paling Populer di Sekitar Pasar Cihapit,0
"KABAR DUKA, Wakil Ketua DPRD Kota Bandung Ade Supriadi Meninggal Dunia",2
Fraksi Demokrat Siap Dukung Program Kerja KNPI Kota Bandung,1
Sekjen PDIP Sebut Pemikiran Bung Karno Menyatu Dalam Bumi Marhaenis,1
"Safari Politik Entang Suryaman, Partai Demokrat Punya Kesamaan Visi Dengan DPP AgotaX",1
Pencegahan Stunting Jadi Perhatian di Harganas,1
"Yuk Belajar Sejarah di Museum Kota Bandung, untuk Habiskan Liburan Sekolah",0
DPRD Jabar Kawal Program Demplot Pertanian di Indramayu,1
Trisa Purwati: Terima Kasih Kepada pak Wali atas Kunjungan dan Bantuan yang Diberikan,1
Kasad Jenderal Dudung Abdurachman Minta SMSI Teruskan Kembangkan Jurnalisme Jujur,1
"Ringkus Dua Buronan Korupsi PT Pos Indonesia, MGP Puji Kinerja Kejari Bandung",2
"Percepat Vaksinasi Booster, Pemkot Bandung Gandeng Kampus hingga Tempat Wisata",1
"Manajemen ASN BKN, Pemkot Bandung Sabet Tiga Penghargaan",1
DPRD Minta Bank Bandung Permudah Akses UMKM,1
Pemkot Bandung Minta Dishub Maksimalkan Layanan Jalan dan Transportasi,1
Komisi B Dorong Besaran Restribusi Gedung Tinggi Ditinjau Ulang,1
bank bjb Bersama Ride-O Gelar Fellowship Bandung-Jogjakarta,1
"Waspada Lonjakan COVID-19, Pemkot Bandung Geber Vaksinasi Booster",2
Yana Mengajak Tingkatkan Kolaborasi di Pisah Sambut Dansektor 22 Citarum Harum,1
Massa GP Ansor Geruduk Holywings Karangsari Kota Bandung,2
"Pastikan Berjalan Lancar dan Aman, Babinsa Koramil Tipe B 0808/04 Sanankulon Dampingi Penyaluran BLT DD",0
Komisi D Dukung Pembangunan SMPN Baru,1
DPRD Harap Kontingen Kota Bandung Kembali Sabet Juara Umum Porprov Jabar,1
"Ke Bali, Pansus III DRPD Jabar Pelajari Kepesertaan Jaminan Sosial Ketenagakerjaan Pekerja Informal",0
"Sambut Kedatangan 10 Hari Pertama Zulhijah, Global Qurban Gelar Liga 10",1
9 Kali Beruntun! Kota Bandung Sabet Juara Umum MTQ Jabar,1
"Sempat Terdampak, Kawasan Braga Kini Bangkit dari COVID-19",1
Pansus 4 Dorong Raperda Kebudayaan Lebih Berkualitas,1
"Ingin Bersantai, Yuk Kunjungi Tiga Taman di Pusat Kota Bandung",0
DPRD Kota Bandung Minta Disnaker Perluas Pelatihan Calon Pekerja,1
"Bagaimana cara Mereka Mengolah Sampah di RW 12 Maleer, Yuk Kita Intip",1
"Guyur Kadeudeuh, Pemkot Apresiasi Prestasi Kontingen MTQ Kota Bandung",1
"Dalam Program Kang Pisman, TPS-3R Dago Bengkok Kurangi Sampah Hingga 2,5 Ton",1
"Rendiana Awangga : Fenomena Citayam Fashion Week, Dorong Destinasi Wisata Kota Bandung",1
Jabatan Kabinda Jabar Diserahterimakan dari Brigjen TNI Dedy Agus Purwanto kepada Brigjen TNI Ruddy Prasemilsa Mahks,0
ACT: Menyampaikan Permohonan Maaf atas Ketidaknyamanan yang Terjadi,1
BAKAR SERAGAM! Kader Demokrat Kota Bandung Ramai-ramai Mundur,2
Kuota Belum Terisi: Orang Tua Pilih Datang ke SD Secara Langsung,0
Disdagin Kota Bandung Fasilitasi 50 UMKM Promosi ke Toko Swalayan,1
Ketua DPRD Kota Bandung Sampaikan 5 Hikmah Berkurban,0
Pemkot Bandung Serius Garap BPJS Ketenagakerjaan Pegawai Non ASN,1
TOK! DPRD Kota Bandung Setujui Raperda Pertanggungjawaban APBD 2021,1
IKWI Selenggarakan Kegiatan Webinar Nasional Sehat Kelola Dana dengan Fasilitas Pinjol dan Uang Digital,1
Pemkot Bandung Menyebarkan 100 Ekor Kambing dan 45 Ekor Sapi Kurban,1
"Jelang Iduladha, Harga Migor Curah Terpantau Normal",0
"Diduga Tak Berizin, MGP Desak Pemkot Bandung Hentikan Pembangunan Hotel Hemangini",2
Tim Penggerak PKK Kota Bandung Bagikan Daging Kurban untuk Anak Yatim,1
"HUT Ke-16 Ormas BBC, Mugi Sujana Sampaikan Sejarah Berdirinya",0
"Anggaran Rutilahu Kota Bandung 2022 Capai Rp 19,8 Miliar",0
"Jalani Observasi di RS Santosa, Wali Kota Bandung Nyatakan Sehat",1
Edwin Senjaya Hadiri Halalbihalal MUI Kujangsari,0
"Pasar Antik Cikapundung, Surganya Berburu Barang Vintage",0
Aktivis Minta Kejari Tetapkan Tersangka Dugaan Korupsi Pengadaan Mobil COVID-19 di Dinkes KBB,2
"Mengenal Rumah Seni Ropih, Pelopor Penjual Lukisan di Braga",0
MPLS dan PTM di Bandung Berlangsung 100 Persen,1
LSM BAN: Kejati Jabar Pastikan Pengusutan Kasus Dugaan Korupsi Diskominfo Masih Berproses,0
"Buntut Ketidakpuasan Hasil Muscab, Relawan Demokrat Bandung Mundur",2
"Audensi Dengan Inspektorat Jabar, Agus Satria: Tuntutan Kita Tetap Minta Oknum Dipecat!",2
Kota Bandung Jajaki Sister City Dengan Dua Kota di Korsel,1
"Geliat Transaksi Pasar Kreatif, Ketua DPRD Optimis Ekonomi Bandung Bangkit",1
Wali Kota Optimis Sepak Bola Wanita di Bandung Raih Prestasi,1
"Bandung Kekurangan Gedung Sekolah, Tahun Ini Bangun 2 SMP Baru",1
DPRD Apresiasi BBGRM Kelurahan Babakan Ciparay,1
"Ingin Nyaman Mengerjakan Tugas Sekolah, Yuk Kunjungi Kineruku Hegarmanah",0
"Miras Berbau Sara, Persis Bandung Polisikan Holywings",2
DPRD Kota Bandung Dorong Pemajuan Budaya Indonesia Melalui Kebaya,1
Rencananya Lancaster University dan Deakin University Bakal Dirikan Kampus di Kota Bandung,1
Bapemperda Usulkan Perda Bantuan Hukum,0
"bank bjb Dorong UMKM Go Global via Digitalisasi, Pembiayaan dan Pemberdayaan",1
"PENTING! Cegah PMK, Daging dan Jeroan Harus Dikemas Terpisah",1
Wakil Ketua DPRD Apresiasi Semangat Kemandirian Karang Taruna Cijagra,0
"Tolak Hasil Muscab, 18 DPAC Demokrat Kota Bandung Gugat Mahkamah Partai",0
bank bjb dan Kimia Farma Tandatangani Mou Kerjasama Jasa Layanan Perbankan,0
"Rancang 8 Program Prioritas, Pemkot Bandung Kucurkan Rp 5,8 Triliun",1
"Bus Sekolah Gratis Kembali Beroperasi, Ini Rutenya",1
"Geruduk Gedung Sate, Massa MGP Minta Saber Pungli Dibubarkan",2
Ema: Pengolahan Sampah di Kota Bandung Tunjukkan Tren Positif,1
"Terindikasi KKN, MGP Sorot Lelang Proyek Gedung DLH Tahap Dua",2
"Geruduk Kejati Jabar, Massa MGP Minta Tiga Kasus ini Dituntaskan",2
Pemkot Bandung Minta Penyelenggara Penggalangan Dana Akuntabel dan Transparan,0
DPRD Kota Bandung Sorot Kinerja Disbudpar,0
Komisi V Apresiasi P2APBD Jabar 2021,1
"Jaminan Kesehatan Nasional, Pemkot Bandung Kucurkan Dana UHC Rp 240 Per Tahun",1
Kota Bandung dan Dua Kota di Korsel Jajaki Peluang Menjadi Sister City,0
Yunimar: Puspaga Kota Bandung Hadir Sebagai Wadah Para Ibu Belajar Seputar Keluarga,1
Polisi Amankan Residivis Pelaku Pencabulan Anak di Bawah Umur,1
Polisi Cek TKP Tanggul Jebol Timpa Kolam Pemandian Milik Perhutani di Kawasan Cipanas Galunggung,0
"Sungai Cimanuk Meluap, Sat Brimob Polda Jabar Evakuasi Warga Terdampak Banjir",2
Kota Bandung Top 5 Daerah yang Aktif Publikasikan Vaksinasi,1
DPRD Jabar Terima Studi Komparasi Anggota Bamus DPRD Kota Cilegon,0
"Peringati Harganas Tingkat Kota Bandung, Pencegahan Stunting Jadi Perhatian",1
"Manfaatkan Program Pemutihan Pajak Kendaraan, Lebih Mudah Bayar Cashless Tak Perlu Antre di Samsat!!!",1
Daddy Rohanady Sambut Positif BIJB Kertajati Dijadikan Bandara Pemberangkatan Umroh,1
"Antisipasi Merebaknya PMK, Polisi Lakukan Patroli Edukasi dan Imbauan Kepada Pemilik Hewan Ternak Dalam Rangka Ops Aman Nusa II",1
Polisi Amankan Pelaku Pengeroyokan di Cipedes Tengah Kota Bandung,2
"Polisi Tingkatkan Capaian Vaksin Booster, Cimahi-KBB Naik Hingga 50 Persen",1
"Menabur Kebaikan, Berbagi Kebahagiaan Polisi dan Kodim 0609 Cimahi Bersinergi Beri Bantuan Kepada Masyarakat",1
Polri Tunjuk Karowabprof Jadi Plh Karopaminal,0
"Antisipasi PMK, Polisi Intensif Lakukan Pengecekan Hewan Ternak Dalam Rangka Ops Aman Nusa II di Indramayu",1
"Cegah PMK, Polisi Berikan Imbauan Kepada Warga Dalam Rangka Ops Aman Nusa II",1
"Patroli Harkamtibmas, Polisi Sisir Penjual Miras dalam Rangka Ops Aman Nusa II",1
"Sinergitas TNI-Polri, Sambangi Peternak Hewan Monitor Wabah PMK Desa Luwung Mundu Dalam Rangka Ops Aman Nusa II",0
"Dalam Waktu Singkat, Aksi Curas di Sukabumi Berhasil Diungkap Polisi",1
"Akselerasi Digitalisasi Perbankan Indonesia, bank bjb Kolaborasi dengan JALIN",1
Layanan Administrasi Kependudukan Kota Bandung Siap Go Digital,1
"Kurun Waktu 6 Bulan, Polres Indramayu Ungkap 52 Kasus Narkoba",1
"bank bjb Bakal Manjakan Nasabah, Bagikan Tiket Gratis Sounds of Downtown 2",1
Kabid Humas Polda Jabar Menyatakan 15 Orang Diperiksa Terkait Perundungan Anak di Tasikmalaya,2
"Jalin keakraban, Polisi Silahturahmi ke Subkogartap 0614 Cirebon",1
bank bjb Dukung Gelaran Pocari Sweat Run Indonesia 2022,1
"Cegah PMK, Polisi Terus Laksanakan Pemantauan Kesehatan Ternak di Wilayahnya Dalam Rangka Ops Aman Nusa II",1
"Bakal Ancam Kemerdekaan Pers, Dewan Pers dengan Konstituennya Kritisi RUU KUHP",2
"Kolaborasi dengan Ride-O, bank bjb Gelar Fellowship Ride Bandung-Jogjakarta",1
Polisi Lakukan Pengecekan TKP Banjir Akibat Hujan Dengan Intensitas Tinggi di Bogor,0
"Siap Bubar dari Geng Motor Berandalan, Club SOT dan Club Slaughter Majalengka Deklarasi Alih Fungsi Jadi Ormas",1
Wakapolda Jabar Pimpin Upacara Pembukaan Pendidikan Pembentukan Bintara Polri Gelombang II Tahun 2022,0
"Antisipasi Lonjakan Covid-19, Polisi Laksanakan Ops Yustisi Stasioner di Antapani",1
Menpora Bersama Ketua PSSI dan Kapolda Jabar Cek Kelaikan Stadion GBLA,1
Kapolda Jabar Tinjau Pembangunan Mako Brimob Batalyon D Sat Brimob Polda Jabar,1
bank bjb Secara Konsisten Dorong UMKM Tembus Pasar Internasional,1
Dewan Sarankan Diskar PB Tinjau Kembali Dana Retribusi Gedung Tinggi,0
Polda Jabar Terima Bantuan Produk dari PT Tempo untuk Korban Banjir di Garut,1
Tim Patroli Polisi Kembali Tertibkan dan Sita Knalpot Bising di Sukabumi,1
Yana Optimis Kota Bandung Memiliki Potensi Pesepak Bola Wanita,1
Sat Brimob Polda Jabar Patroli Harkamtibmas Guna Cegah Aksi Anarkisme dan Kriminalisme,1
Wakapolda Jabar Tinjau Vaksinasi Covid-19 di Jajaran Polda Jabar,1
Pimpinan dan Anggota Khilafatul Muslimin Kabupaten Sukabumi Ikrarkan Deklarasi Kebangsaandan Setia pada Pancasila,1
Polisi Gotong Royong Bersama Masyarakat Perbaiki Jalan Dusun Kidul,1
"Polri Gelar Prarekonstruksi di TKP Kasus Brigadir J, Pastikan Komitmen Pembuktian Ilmiah",1
Kabid Humas Apresiasi Ditreskrimum Polda Jabar Ringkus 5 Orang Begal Ban Serep di Indramayu,1
"Rapimnas SMSI Tahun 2022, Kasad Jenderal Dudung Ajak Anggota SMSI Mengedepankan Jurnalisme Jujur",1
"Bunuh Pendeta dan 9 Warga, Pori Buru KKB Papua",2
DPRD Harapkan Pemprov Jabar Tingkatkan PAD Tidak Hanya Bergantung pada Pajak,1
Pemkot Cimahi Melalui Disdagkoperin Gelar Sosialisasi Pembinaan Pengelola Pasar Rakyat,1
"Cegah Penggunaan Narkoba di Rutan, Polisi Lakukan Tes Urine Terhadap Tiga Pelaku Curas",1
"Jembatan Copong Retak Tidak Dapat Dilalui, Polisi Rekayasa Arus Lalin di Garut",0
"Patroli Sambang Harkamtibmas, Sat Brimob Polda Jabar Cegah Tindak Kejahatan Premanisme di Ruang Publik",1
Pemkot Bandung Gandeng Kampus hingga Tempat Wisata Guna Percepat Vaksinasi Booster,1
"Banjir Sungai Cimanuk, Tim SAR Sat Brimob Polda Jabar Bantu Bersihkan Material Lumpur",1
Brigjen TNI Ruddy Prasemilsa Resmi Jabat Kabinda Jabar,0
"Bentuk Kedisiplinan Sejak Dini, Polisi Berikan Pembinaan Kepada Paskibra di Desa Maja",1
Kapolda Jabar Tinjau dan Berikan Bantuan di Lokasi Bencana Banjir Garut,1
Bayar PBB Lebih Mudah Melalui Fasilitas E-Tax bank bjb,1
Pansus 4 DPRD Kota Bandung Gelar Raker Soal Ekpose PPKD Tentang Pemajuan Kebudayaan,0
"Melalui Surat Edaran, Wali Kota Bandung Dukung Program Pemutihan PKB Hingga 31 Agustus",1
Ema Sumarna Pastikan Taman Kota Bandung dalam Kondisi Terpelihara,1
Polisi Terjunkan Ratusan Personel Bantu Korban Banjir Bandang di Garut,1
Kadisdik Kota Bandung Tegaskan MPLS Tumbuhkan Kreativitas Siswa Baru,1
Nunung Nurasiah Harapkan Pelatihan Pembuatan Pastry Tambah Pengalaman Peserta,1
Komisi II Dorong Pemprov Jabar Menaikkan Kelas Pimpinan UPTD PPHH Cirebon dan Optimalisasi WUB,1
Dir Reskrimsus Polda Jabar Pimpin Konferensi Pers Praktek Pengoplosan Gas LPG Subsidi ke LPG Non Subsidi,0
"Pemkot Bandung Tambah Ruang Publik Baru, Diberinama Ciko Arena 1",1
"Pencarian Orang Hilang, Bhabinkamtibmas dan Babinsa Bersama Warga Lakukan Penyisiran di Desa Cibeber Kecamatan Manonjaya",1
"HUT ke-61, IKWI Gelar Konsolidasi Organisasi",1
Tahun Ini MPLS dan PTM Sekolah di Kota Bandung Berlangsung 100 Persen,1
Wadir Lantas Polda Jabar Apresiasi Pelayanan Samsat Kota Bandung Barat,1
Kabid Humas Polda Jabar: Tim Penelitian Akademi Kepolisisan Laksanakan Penelitian Analisis Kompetensi Paja Akpol Lulusan Tahun 2020-2021,0
"Minim Pendaftar Baru, Disdik Kota Bandung Bakal Buka Lagi PPDB Online",1
"Tindak Tegas Premanisme, Polisi Gerebek Markas Ormas dan Amankan Puluhan Anggotanya",1
Kapal Polisi Patroli Amankan Teluk Palabuhanratu,1
DPRD Kota Bandung Apresisasi Konsep RASS,1
"Yana Mulyana Jalani Observasi, Namun Pastikan Dalam Keadaan Sehat",0
Yana Sambut Baik Penyelenggaraan Liga IBL di Kota Bandung,1
"Optimalkan Layanan SPBE, Pemkot Bandung Kerja Sama dengan BSSN",1
bank bjb Gelar Bussiness Review Semester I Tahun 2022,1
PPDB Tahap 2 Sebagian Orang Tua Pilih Datang ke SD Secara Langsung,0
"Pemkot Bandung Rancang 8 Program Prioritas, Bakal Anggarkan Rp5,8 Triliun",1
"Pasca Banjir Bandang, Komisi I Tinjau Kesalahan Penanganan Aset Penting di Desa Sukaratu Garut",0
"Monitoring PMK, Polisi Sambangi Peternak Hewan Dalam Rangka Ops Aman Nusa II di Desa Mertasinga",1
Tim SAR Sat Brimob Polda Jabar Laksanakan Pengecekan Tebing Rawan Longsor di Lembang,1
Kabid Humas: Polda Jabar Amankan Pelaku Penyalahgunaan Gas LPG Subsidi di Subang,1
bank bjb Berikan Pembinaan kepada Petani Melalui Pola Kemitraan,1
bank bjb Akan Gelar Bincang Jumat Bisnis Spesial Episode 222,1
Polisi Terus Lakukan Pengecekan Harga dan Ketersediaan Minyak Goreng di Desa Kroya Kabupaten Indramayu,0
Polda Jabar Akan Tindak Tegas Penonton yang Masuk Tanpa Tiket,1
Kini IKWI Jawa Barat Punya Gedung Sekretariat Baru,1
"Pandemi Covid-19 Belum Berakhir, Ratusan Warga Sukabumi Jalani Vaksinasi Booster",1
"Periode Juni Hingga Juli 2022, Polisi Amankan 33 Tersangka Kasus Narkotika di Kabupaten Bandung",1
Polisi Berhasil Tangkap 8 Orang Diduga Joki UTBK SBMPTN di Jatim,1
Kabid Humas: Polda Jabar Berhasil Amankan Komplotan Pencuri Kain Woven,1
Ketua DPRD Kota Bandung Desak Pemkot Bandung Kembali Terapkan Ganjil Genap,0
"Targetkan Geng Motor, Patroli Polisi Bubarkan Tongkrongan Remaja dan Amankan Sepeda Motor Berknalpot Bising",1
Komisi B Menilai Masih Banyak yang Harus Dibenahi oleh RSUD Kota Bandung,1
Geliatkan Pertumbuhan Ekonomi Kota Bandung,0
"Waspada, Kota Bandung Sudah Memasuki Musim Kemarau Sejak Awal Juli",1
Seorang Lelaki Setengah Baya Menculik dan Rudapaksa Bocah 11 Tahun di Sumenep,2
"Tak Perlu Antre, Ternyata Bayar PBB Sangat Mudah Cukup Lewat Handphone",1
"Dampingi Tim Bea Cukai Berantas Rokok Illegal, Sat Pol PP Sumedang Siapkan Personel",1
"Dudung Abdurachman, Loper Koran Jadi Jenderal",1
Brigjen TNI Iroth Ajak SMSI Berkolaborasi Menangkal Penyalahgunaan Media Siber untuk Kepentingan Jahat,1
"Sekda: Taati Prokes, Bantu Pemulihan Ekonomi",1
Kota Bandung Siap Jadi Menjadi Tuan Rumah Liga IBL Playoff Musim 2022,1
Sumedang Percepatan Target 30 Persen Booster di Akhir Agustus 2022,1
Bupati Dony Menganggap Fenomena Ini Seperti Dukungan Dari Alam Semesta,1
Kepsek dan OP Rancaekek Jalani Rekon BMD dari Tim Disdik Kab Bandung,0
Inilah Kelebihan Instax Mini Liplay yang Perlu Kamu Ketahui,1
Pemkot Bandung Kucurkan Dana UHC Rp240 Miliar per Tahun,1
Tim Kewaspadaan Dini Daerah Dibekali Pengetahun Intelijen,1
Wisata Kampung Buricak Burinong Dikunjungi Pemkab Dan DPRD,1
"Selama Tiga Hari, Mahasiswa Semester VII PAI STAI Unsap Ikuti KIM",1
KMD Untuk Kepala SLTP Resmi Dibuka Wabup,1
"Green Leadership Nirwasita Tantra 2022, Walikota, Pemkot dan DPRD Kota Sukabumi Berbarengan Raih Peringkat Pertama",1
Bagian Organisasi Setda Gelar Sosialisasi Anjab dan ABK,1
Satker Disdik Kab. Bandung â€˜Reinkarnasiâ€™ Korwil yang di KO?,0
Pemkot Bandung Bersama Kodim 0618/BS Mensalurkan 2.200 Dus Minyak Goreng Curah,1
Tangkal Omicron Centaurus ke Sumedang dengan Optimalisasi Vaksin Booster,1
Kapolres Sumedang Melaksanakan Silaturahmi ke PC Nahdlatul Ulama (NU),1
"Kegiatan Rehabilitasi Jaringan Irigasi Daerah Irigasi Samiran Mulai Berjalan, Pasokan Air Pertanian Dihentikan Sementara",0
"Matangkan Kawasan Industri Butom, Dony: Sumedang Bakal jadi Masa Depan Pertumbuhan Ekonomi Indonesia",1
"Belum Genap Sebulan Menjabat, Kapolres Sumenep Didemo Mahasiswa",2
"Hadiri Stadium General, Wakil Mendagri Ingatkan Praja IPDN Akan Tantangan Era Disrupsi",1
Desa Cikurubuk Jadi Role Model Budi Daya Padi Organik,1
"Melalui Produktivitas dan Efisiensi, bank bjb Genjot Performa Layanan Digital",1
Tim SAR Gabungan Temukan Korban Tenggelam di Sungai Cianjur Kab Cianjur dalam Keadaan Meninggal Dunia,0
"Gegara Sabu, Nuryadi Warga Klaten Jateng Diciduk Polisi di Stand Pasar Malam Sumenep",2
Sekda Kabupaten Bandung Puji Command Center Sumedang,1
Sekda Apresiasi PKW Yang Digelar LPKMA Sumedang,1
â€œSIAPKAH KAMU JADI GENERASI EMAS 2045?â€,0
Penaikkan Harga Bapokting Berperan Kota Sukabumi Alami Inflasi,2
SFC Bangga Diundang Bupati ke Gedung Negara,1
Tim BPBD Evakuasi Korban Kebakaran di Lantai 3 IPP,0
"Salahgunakan Wewenang, MGP Tuntut Oknum Saber Pungli Jabar Dipecat",2
Kota Bandung Bahas Sister City dengan Gumi dan Gimcheon Korsel,1
"Dapatkan Tiket Sounds of Downtown 2, Saat Buka Rekening bank bjb",0
Laporâ€¦! Bupati Bandung Dimohon SK PPPK di Bulan Juli-Agustus 2022?,0
"Setelah Vakum Selama 15 Tahun, Temu Kadarkum Kembali Digelar",1
Budi Daya Padi Organik Lebih Menguntungkan,1
"BaraJP Dukung Jokowi 3 Periode, Ini Pertimbanganya",1
Pemkot Bandung Terus Akselerasi Sertifikasi Tanah Tempat Ibadah,1
Pengurus Baru AMS Distrik Sumedang Siap Bermitra Dengan Pemda,1
"Yana: Tekankan Booster, Jika Kita Turun ke PPKM Level 2, Semua Kena Rugi",0
"Raih Anugerah Niswasita Tantra, MGP Apresiasi Kinerja Bupati Bandung",1
Riska Borong Dua Medali Emas pada Indonesian National Championship 2022,1
Pemkot Bandung Seriusi Tentang BPJS Ketenagakerjaan bagi non-ASN,1
DPPKB Kota Bandung Kemas Hari Keluarga Nasional Lewat Acara Festival,1
Pusat UMKM Naikkan Level Marketing Co-Working Space Rancasari,1
Brigjen TNI Ruddy Prasemilsa Mahks Gantikan Dedy Agus Purwanto Jabat Kabinda Jabar,0
Mantapâ€¦! Kinerja FKKS Kecamatan Cileunyi Layak Dicontoh,1
"Kejari Sumenep Musnahkan BB dari Ratusan Perkara, Penyalahgunaan Narkoba Mendominasi",2
"Manfaatkan DBH HCT, Diskopukmpp Berinisiatif Kembangkan Pengolahan Hasil Tembakau",1
"Pemkot Bandung Resmikan Ciko Arena 1, Tambah Ruang Publik",1
"Harga Tembakau Anjlok Akibat Cuaca Ekstrim, Petani mengeluh",2
"Stok Blangko e-KTP Kosong, Dispendukcapil Pamekasan Pinjam Milik Pemkab Sumenep dan Sampang",2
"Pemkot Bandung Bakal Anggarkan Rp5,8 Triliun Rancang 8 Program Prioritas",1
"Sinergi Jaga NKRI, SMSI Bersama TNI AD Tandatangani PKS",1
"Digelar Kesbangpol, Walikota Sukabumi Buka Pendidikan Politik Bagi Pemilih Pemula",1
"Datang Yuk! Serunya Lho Pameran Inovasi Otomotif di Kiara Artha Park, di Tunggu ya",0
"Mitra TACO, Dukung Pemulihan Ekonomi UMKM Indonesia Pasca Pandemi",1
Wabup Hadiri Peringatan Hari Koperasi Nasional di Kendal,0
Anggota DPRD Sumedang Beberkan Risiko Lumpuhnya Pelayanan Kesehatan Dampak PP 49 tahun 2018,2
Bupati Main Katapel di IPP,0
"Dalam Peringati Harganas, Pencegahan Stunting Jadi Perhatian",1
Bupati Beraudiensi Dengan PD Pemuda Persis Sumedang,0
Kapan di Merger? Oknum Kepala SDN Komplek Berebut Siswa Baru,2
Unsap Sumedang Menjadi Salah Satu Perguruan Tinggi Yang Menjadi Barometer Pendidikan di Kabupaten Sumedang,1
Kasad Dudung Minta SMSI Teruskan Kembangkan Jurnalisme Jujur,1
"Sekda, Selamat Datang di Kabupaten Sumedang Peserta KKL Dikreg 62 Seskoad Tahun 2022",0
"Pasokan Meningkat, Harga Cabai di Kota Sukabumi Berangsur Turun",1
Penyelesaian Pembangunan Tol Cisumdawu Masih Terkendala Masalah Sosial,2
Kota Bandung Kini Memiliki RASS Lingkungan Pendidikan,1
"HUT ke-61, IKWI Menyelenggarakannya dengan Kesederhanaan dan me-launching website IKWIKU",1
Wali Kota Bandung Hanya Mengingatkan Taat Prokes Saat MPLS dan PTM,0
Sumedang Terbanyak di Jabar Terapkan Program â€œMerdeka Belajarâ€,1
Kota Bandung Gelar Sejumlah Kegiatan Jelang Peringatan Hari Anak Nasional,0
Vaseline Daily Sun Care Wujudkan Mimpi 9 Pelari Indonesia pada Ajang Marathon Internasional di Berlin,1
Pelopor Penjual Lukisan di Braga Rumah Seni Ropih,0
Kecamatan Rancasari Mendukung UMKM Miliki NIB dan PIRT,1
Kecamatan Coblong Borong Juara Satu di Dua Perlombaan Senam Kreasi dan Fun Robic PERWOSI Kota Bandung,1
Ini Cara yang Efektif Paling Utama Berantas DBD,1
Layanan Administrasi Kependudukan Kota Bandung Siap Go Digital,1
"Tarif Baru Transaksi BRI Mobile atau Internet Banking Naik Menjadi 150 Ribu, Benarkah?",0
Kabupaten Sumedang Masuk KLA Kategori Madya,0
Pemkot Bandung dan BSSN Teken Kerja Sama Pemanfaatan Sertifikat Elektronik,1
Yana: Kita Bepotensi Turnamen Sepak Bola Wanita Piala Wali Kota Bandung,1
Ahli Waris Non PNS Dinas Pendidikan Terima Santunan JKK,1
bank bjb Dorong Tingkatkan Kompetensi UMKM agar Terus Tumbuh dan Naik Kelas,1
Wabup: Potensi Konflik Pemilu 2024 Harus Diantisipasi,1
Juara MMA One Pride Asal Sumedang Datangi Gedung Negara,0
Pemda Terus Support Atlet Berprestasi,1
Pasis Dikreg LXII Seskoad KKL di Sumedang,0
"Bersumber dari DBHCHT, Dinas Pertanian Sumedang Serahkan Bantuan Cultivator",1
DPRD Kota Bandung Menyetujui Raperda Pertanggungjawaban APBD 2021,0
"Gudang Insan Kreatif, Ini 3 Jagoan Subsektor Ekraf Kota Bandung",1
Kecamatan Rancasari Dukung UMKM Miliki NIB dan PIRT,1
Kapolres Sumedang Pimpin Langsung Patroli KRYD,0
Tim Penggerak PKK Kota Bandung Bagikan Kurban untuk Anak Yatim,1
Dandim 1715/Yahukimo Lakukan Pendampingan Diklat Bagi Kelompok Usaha Perikanan Kab. Nduga,1
Media Jurnal Polri Wilayah Jawa Barat Gelar Rakerda,0
Polri jatuhkan Sanksi PTDH ke AKBP Raden Brotoseno Sebagai Wujud Komitmen Kapolri,2
Lancaster University dan Deakin University Bakal Dirikan Kampus di Kota Bandung,1
Bandung Jadi Kota Terbaik untuk Pelajar di Indonesia,1
Kota Bandung Masuk Top 5 Daerah yang Aktif Mempublikasikan Vaksinasi,1
Pemkot Bandung Kucurkan Dana UHC Rp240 Miliar per Tahun,1
"Kabid Humas Polda Jabar : Sinergitas TNI-POLRI, Sambangi Peternak Hewan Monitor Wabah PMK Desa Luwung Mundu Dalam Rangka Ops Aman Nusa II",1
Polri Buru KKB Papua Pembunuh Pendeta dan 9 Warga,2
"Pisah Sambut Dansektor 22 Citarum Harum, Yana Ajak Tingkatkan Kolaborasi",1
"Sekda: Taat Prokes, Bantu Pemulihan Ekonomi",1
"Wakil Ketua DPRD Kota Bandung, Ade Supriadi Wafat, Yana Berduka",2
POLDA JABAR AKAN TINDAK TEGAS PENONTON YANG MASUK TANPA TIKET,2
Kabid Humas Polda Jabar : Tim Patroli Polisi Kembali Tertibkan Dan Menyita Knalpot Bising,1
Pengamanan Kunjungan Kerja Wakil Menteri Dalam Negeri RI Di Nabire,0
PATROLI SAMBANG HARKAMTIBMAS SAR BRIMOB POLDA JABAR CEGAH TINDAK KEJAHATAN PREMANISME DI RUANG PUBLIK,1
Waspada Sulit Air Bersih Saat Kemarau Basah di Kota Bandung,2
Sah! DPRD Kota Bandung Setujui Raperda Pertanggungjawaban APBD 2021,1
"MENPORA, KETUA PSSI DAN KAPOLDA JABAR CEK KELAIKAN STADION GBLA UNTUK PERTANDINGAN LIGA 1",0
"Rumah Terbakar Saat Ditinggal Pemiliknya, Polsek Manonjaya Mengamankan TKP",2
Kembali Beroperasi! Catat Rute Bus Sekolah Gratis di Kota Bandung,1
Wakapolda Jabar Apresiasi Antusias Masyarakat Yang Mengikuti Vaksinasi Di Pendopo Kabupaten Indramayu,1
PEMUDA HIJRAH WAKAFKAN AL-QURAN DAN IQRO DI KAMPUNG SADANGMEKAR KABUPATEN BANDUNG BARAT,1
"Co-Working Space Rancasari, Pusat UMKM Naikkan Level Marketing",1
"Yuk Belajar Sejarah di Museum Kota Bandung, Habiskan Liburan Sekolah",0
"Serunya Pameran Inovasi Otomotif di Kiara Artha Park, Datang Yuk!",0
Acara â€œBikers Rendezvousâ€ berlangsung di Hotel UNI pada Sabtu-Minggu 23-24 Juli 2022 di Pangandaran Jawa Barat,0
"Sportourism, Geliatkan Pertumbuhan Ekonomi Kota Bandung",1
Kuota Belum Terisi: Orang Tua Pilih Datang ke SD Secara Langsung,0
"Gudang Insan Kreatif, Ini 3 Jagoan Subsektor Ekraf Kota Bandung",1
Komandan Korem 172/PWY Brigjen TNI J.O. Sembiring Turut berdukacita mendalam Pasca Penembakan Pendeta di Nduga,2
"TPS-3R Dago Bengkok Kurangi Sampah Hingga 2,5 Ton, Terapkan Kang Pisman",1
"Jelang Peringatan Hari Anak Nasional, Kota Bandung Gelar Sejumlah Kegiatan",0
"Gudang Insan Kreatif, Ini 3 Jagoan Subsektor Ekraf Kota Bandung",1
"Masih Kurang dari Kuota, Disdik Kota Bandung Akan Kembali Buka PPDB Online",0
Intip dan Tiru Cara Pengolahan Sampah di RW 12 Maleer,1
Dandim 1702/JWY Menghadiri Pertemuan dalam Rangka Peningkatan SDM Dibidang Pertahanan Pangan di Kab. Jayawijaya,1
Pemkot Bandung Bersama Kodim 0618/BS Salurkan 2.200 Dus Minyak Goreng Curah,1
"Kunjungi Remaja Amputasi, Yana Beri motivasi dan Bantuan",1
Waka Polda Jabar Pimpin Langsung Pengecekan Vaksin Booster Kewilayahan Secara Virtual Melalui Zoom Meeting,1
"Kanit Binmas Polsek Manonjaya Hadiri Kegiatan Seni Tradisional Sepak Bola Ikat Kaki, Sambut Hari Kemerdekaan Ke-77 dan Hari Jadi Desa Margaluyu Ke-38",0
Kabid Humas Polda Jabar : Polda Jabar Tangkap 11 Orang Yang Melakukan Penyelundupan Gas Elpiji Di Subang,2
"RASS, Instalasi Keamanan dan Pembentukan Karakter Siswa dengan Berjalan Kaki",1
Danrem 172/PWY Terima Audiensi Pemuda Batak Bersatu,1
Pemkot Bandung dan BSSN Teken Kerja Sama Pemanfaatan Sertifikat Elektronik,1
Kasrem Pimpin Pengantaran Jenazah Secara Militer Prajurit Satgas Yonif 711/RKS,0
"Jalani Observasi, Yana Pastikan Dirinya dalam Keadaan Sehat",0
Ini Asal Muasal Nama Daerah di Bandung yang Berawalan â€˜Ciâ€™,0
"Perempuan Muda Ditemukan Tak Bernyawa di Kamar Kost, Polsek Tawang dan Inafis Polres Tasikmalaya Kota Amankan TKP",2
Canggih! Layanan Administrasi Kependudukan Kota Bandung Siap Go Digital,1
Kota Bandung Siap Jadi Tuan Rumah Liga IBL Playoff Musim 2022,1
Tradisi Penerimaan Anggota Baru Kodim 1702/JWY,0
"Rancang 8 Program Prioritas, Pemkot Bandung Bakal Anggarkan Rp5,8 Triliun",1
"Sasar Zilenilal, DPPKB Kota Bandung Kemas Hari Keluarga Nasional Lewat Acara Festival",1
Pemkot Bandung Terus Akselerasi Sertifikasi Tanah Tempat Ibadah,1
Kapolda Jabar Tinjau Dan Beri Sumbangan Serta Bantuan Ke Lokasi Bencana Banjir Garut,1
Pemkot Bandung Seriusi BPJS Ketenagakerjaan bagi non-ASN,0
Pemkot Bandung Pastikan Taman Kota dalam Kondisi Terpelihara,1
Kabid Humas Polda Jabar : Polisi Amankan 4 Pelaku Spesialis Pencurian Mobil Pickup,0
Kodim 1715/Yahukimo Bantu Garap Sawah Sebagai Program Unggulan,1
Kepala Disdik Kota Bandung: MPLS Tumbuhkan Kreativitas Siswa Baru,1
Danrem Pimpin Sertijab Kasiren Korem 172/PWY,0
"Tiga Tempat Makan Populer di Sekitar Pasar Cihapit , Wajib Coba",0
"Kabid Humas Polda Jabar : Setelah Lima Belas Hari Buron, Akhirnya Polisi Bekuk Anggota Geng Motor Pelaku Penusukan",1
PATROLI SAMBANG HARKAMTIBMAS SAR BRIMOB POLDA JABAR CEGAH TINDAK KEJAHATAN PREMANISME DI RUANG PUBLIK,1
"Peringati Harganas, Pencegahan Stunting Jadi Perhatian",1
Semarak Pelajar Kota Bandung Sambut Tahun Ajaran 2022/23,1
"Penyelenggara Penggalangan Dana Harus Akuntabel dan Transparan, Cegah Penyimpangan",1
"Wali Siswa SDN 172 Andir Kidul Ikut Upacara Bersama, Dukung MPLS",1
Wali Kota Bandung Pastikan akan Terus Tingkatkan Indeks Kesehatan Kota Bandung,1
"Gelar Prarekonstruksi di TKP Kasus Brigadir J, Polri Pastikan Komitmen Pembuktian Ilmiah",1
Kabid Humas Polda Jabar : Awasi Wabah PMK Polisi Sambangi Peternak Hewan Dalam Rangka Ops Aman II,1
Monitoring donor Darah Dalam rangka Rangkaian Kegiatan Hari Bakti TNI AU ke-75. Tahun 2022,1
Anak Muda Bandung Harus Jadi Humas bagi Gerakan Generasi Berencana,1
"Rumah Seni Ropih, Pelopor Penjual Lukisan di Braga",1
"Kabid Humas Polda Jabar : Antisipasi PMK, Polisi Intensif Lakukan Pengecekan Hewan Ternak Dalam Rangka Ops Aman Nusa II",1
"Kanit Binmas Polsek Cisayong Hadiri Pembagian Insentif Tunjangan Ketua RW, RT dan Linmas di Desa Nusawangi",1
"Bersama GAMKI, Polres Cimahi Berikan Bantuan Kepada Warga Penderita Tumor dan Pembengkakan Jantung",1
Wali Kota Bandung Ingatkan Taat Prokes Saat MPLS dan PTM,1
Labfor Polri Masih Terus Periksa HP dan CCTV Kasus Brigadir J Secara Scientific Crime Investigation,1
Buruan SAE Kecamatan Ujungberung Bantu Ekonomi Warga,1
Danrem 172/PWY Memberikan Ruang Bagi Pemenang Festival Musik Anak Jalanan di Cafe Kota Jayapura,1
Pemanfaatan Lahan Tidur Kodim 1702/Jayawijaya,0
KAMMI Minta Publik Percaya Kerja Timsus dan Komnas HAM Dalam Mengungkap Kasus Tewasnya Brigadir,1
WAKAPOLDA JABAR TINJAU VAKSINASI COVID-19 DI JAJARAN POLDA JABAR,1
Kabid Humas Polda Jabar : Polda Jabar Periksa 15 Orang Soal Perundungan Anak,2
Polri Tunjuk Karowabprof Jadi Plh Karopaminal,0
"Gelar Prarekonstruksi di TKP Kasus Brigadir J, Polri Pastikan Komitmen Pembuktian Ilmiah",1
Babhinkamtibmas Desa Burujul Wetan Bantu Pembangunan Pasilitas Umum Bersama Aparatur Desa Setempat,1
"Turnemen Sepak Bola Wanita Piala Wali Kota Bandung, Yana: Kita Berpotensi",1
Disdagin Kota Bandung Fasilitasi 50 UMKM Promosi ke Toko Swalayan,1
Kabid Humas Polda Jabar : SAR Sat Brimob Polda Jabar Laksanakan Patroli Tanggap Bencana Alam Untuk Pengecekan Tebing Rawan Longsor,1
"Pemkot Bandung Gandeng Kampus hingga Tempat Wisata, Percepat Vaksinasi Booster",1
"#Satsetsatset Akselerasi Program, Wali Kota Bandung Bentuk Tim Percepatan Pembangunan",1
Kota Bandung Bahas Sister City dengan Gumi dan Gimcheon Korsel,1
"Kabid Humas Polda Jabar : Cegah PMK, Polisi Monitoring Kandang Hewan Ternak Dalam Rangka Ops Aman Nusa II",1
"Tekankan Booster, Yana: Jika Kita Turun ke PPKM Level 2, Semua Kena Rugi",1
Tedy Rusmawan Desak Pemberlakuan Ganjil-Genap di Kota Bandung,1
"Gelar Raker Bersama Diskar PB, Komisi B Sarankan Tindak Lanjut Dana Retribusi Bagi Gedung Tinggi",1
Pemkot Bandung Resmikan Ciko Arena 1 di Kecamatan Batununggal,1
Satuan Satresnarkoba Polrestabes Surabaya Amankan Pengedar Sabu-Sabu Asal Putat Jaya Surabaya,2
Tradisi Pedang Pora Penyambutan Kapolres Baru dan Pelepasan Pejabat Lama Kapolres Pasuruan,0
"Lewat Program Gesit, Pemkot Bandung Terus Akselerasi Sertifikasi Tanah Tempat Ibadah",1
"PPKM Level 1, Kota Bandung Siap Jadi Tuan Rumah Liga IBL Playoff Musim 2022",1
"Idul Adha, Tedy Rusmawan Kagumi Kebersamaan Warga Bandung",1
"Dukung UMKM Miliki NIB dan PIRT, Kecamatan Rancasari Fasilitasi Para Pelaku Usaha",1
"Evaluasi Kinerja Triwulan II T.A. 2022, Komisi A Sodorkan Sejumlah Masukan bagi BKPSDM",0
"Pascapandemi Covid-19, Nunung Nurasiah Semangati Para Peserta Pelatihan Katering",1
Kembalikan Senyuman Jurnalis Bersatu Jenguk Dzakira,1
"Lewat Sasar Zilenilal, DPPKB Kota Bandung Kemas Hari Keluarga Nasional",1
"Harkamtibmas, Polres Pasuruan Kota Gelar Operasi Bina Kusuma",1
Polres Gresik Tahan Empat Tersangka Penistaan Agama,2
"Berikan Rasa Aman ke Anak Sekolah, Kini Bandung Punya RASS",1
Kini Layanan Administrasi Kependudukan Kota Bandung Siap Go Digital,1
"Terima Kunjungan PSHT Kota Pasuruan, Kapolres Berpesan Jaga Kondusifitas Jelang 1 Suro",0
"Meningkatkan Sinergitas, Kapolres Pasuruan Bersilaturahmi Kepada Tokoh Agama di Kabupaten Pasuruan",1
"bank bjb Gelar Bincang Jumat Bisnis Spesial Episode, Hadirkan Ahli Bisnis Ekspor",1
"Nyamar Jadi Tukang Potong Rambut, Pemuda Ini Ditangkap Polisi",2
"Berikan Rasa Aman di Lingkungan Pendidikan, Yudi Cahyadi Apresiasi RASS",1
Apes!! Maling Kurang Pinter Tertangkap Warga,2
"Jalin Silaturahmi, Kapolres Pasuruan Kunjungi Tokoh Agama Pengasuh Pondok Pesantren",1
"Ternyata KWH Meter Listrik Milik PLN, Punya Usia Pemakaian. Apa Saja Cirinya?",0
Danpussenarhanud Terima Cinderamata Lukisan Karya Anak Bandung dari Insan Media,1
"KPK Gagal Jemput Paksa Mardani Maming, Ketua Umum Aliansi Madura Indonesia Nyeletuk: Bubar Sajalah Kalian!",2
"HUT ke-61, IKWI Gelar Konsolidasi Organisasi",1
"Masuki Musim Kemarau, Kota Bandung Waspada Sulit Air Bersih",2
"Ikan Sungai Musi Tercemar Mikroplastik, Saatnya! Kurangi Penggunaan Plastik SekaliÂ Pakai",2
"Final Piala Presiden 2022 di Kanjuruan Aman, Aremania Berikan Apresiasi Polres Malang",1
"Melek Isu Keluarga, Yunimar Ajak Para Ibu Ngobras Puspaga",1
Polresta Sidoarjo Berhasil Ungkap Tiga Kasus Pencabulan,2
Sindikat Online UTBK SBM PTN Keok di Tangan Satreskrim Polrestabes Surabaya,2
Ayah Tina Korban Kecelakaan Maut Minta Sopir Dijerat Pasal Pemberatan,2
Naas!! Seorang Pemuda Intip Wanita Cantik Saat Mandi Berakhir di Bui,2
IKWI Jawa Barat Resmi Punya Gedung Sekretariat Baru,1
Operasi Bina Kusuma Polres Pasuruan Kota Sasar Tempat Wisata,1
"Maling Tidak Punya Ilmu Kebal, Bonyok Dihajar Warga Tanah Merah",2
bank bjb Bersama Ride-O Gelar Fellowship Bandung-Jogjakarta,1
"Dua Minggu Menjabat, Kapolres Bangkalan Sudah Tunjukkan Taringnya",1
"Tingkatkan Ekonomi Pascapandemi Covid-19, Edwin Senjaya Buka Pelatihan Manajemen Sanggar dan Lingkung Seni Regol",1
"LSM Garda Kawal Sampang, Layangkan Surat Audensi Ke Badan Anggaran DPRD Sampang",0
Anggota Komisi D DPRD Kota Bandung Tekankan Makna Ketekunan pada Peserta Pelatihan Kerja,1
Legislator PKS : Jumlah Puskesmas Di Surabaya Jauh Dari Ideal,2
Polsek Kenjeran Ringkus Pemuda Yang Meresahkan Warga Yang Menggunakan Samurai,2
"Cegah Penularan Covid-19, Polsek Tambaksari Laksanakan Vaksin dan Swab Hunter",1
"Hadir di Merauke, Pangkogabwilhan III Beri Semangat dan Motivasi Satgas Pamtas Yonif 123/Rajawali",1
"Pelaku Ilegal Acces Dimaafkan Korban, Polres Pasuruan Kota Terapkan Restorative Justice",1
"Soal Penanganan Kemacetan, Ketua DPRD Kota Bandung Harapkan Inovasi Dishub",1
bank bjb Aktif Mengembangkan Pemberdayaan Ekonomi UMKM,1
LSM AMCD-P dan Yayasan Mambaus Sholach Menggelar Harlah dengan Tema SEHAT BANGSAKU,1
"DI Hari Anak Nasional, Aeshnina Aktivis Muda Yang Mendapat Penghargaan Dari BRI",1
"Temukan Minat & Bakat Siswa-Siswi, SMP Muhammadiyah 15 Boarding School Surabaya Lakukan Tes PSIKOTES",1
Setengah Lusin Maling Lompat Dipamerkan Polsek Gubeng,2
United E-Motor X PLN Touring Percepat Program Go Green Go Electrik,1
Kontroversi Rumdis Auri Tidak Perlu Penetapan Eksekusi,2
Pengajian Rutin Majelis Dzikir Miftahul Amin Tanah Merah Surabaya,0
Polsek Tambaksari Kembali Bongkar Pagupon Ajang Perjudian Karang Asem,2
"Berangkatkan 13 Angkutan Kota, Spemlibels Kirim Peserta Terbanyak",1
Setda Tulungagung Lantik Kepala Sekolah SD-SMP,0
Satresnarkoba Polres Pelabuhan Tanjung Perak Bekuk Pemuda Asal Klakahrejo Surabaya,2
DPRD Pasuruan Mengucapkan Selamat Hari Raya Idul Adha 1443 H,0
"Diskusi Bersama BPJAMSOSTEK, Pemkot Bandung Seriusi BPJS Ketenagakerjaan bagi non-ASN",1
Polres Pasuruan Berhasil Menangkap Pelaku Pembunuhan Seorang Wanita di Kec.Lumbang,2
Polsek Tambaksari Tangkap Lima Tersangka Perjudian Burung Dara Karang asem,2
Lanud Muljono Sampaikan Status Kepemilikan Rumah/Tanah Simogunung Kepada Warga,0
"Tingkatkan Sinergitas, Kapolres Pasuruan Kunjungi Forkopimda dan Ulama",1
"Warga Panik, Pabrik Tripleks di Beji Dilalap si Jago Merah",2
Polda Jatim Ringkus Komplotan Curanmor yang Beraksi di Wilayah Jatim,2
UMKM di Kecamatan Rancasari Naikkan Level Marketing,1
Pemkot Bandung Kucurkan Dana UHC Rp240 Miliar,1
"Walikota Tak Temui Massa Aksi, Tembok Pagar Pemkot Jebol",2
Polres Gresik Lakukan Penahanan Dua Tersangka Penistaan Agama,2
"Dukung Upaya Swasembada Beras dan Ketahanan Pangan, Pangkogabwilhan III Bertemu Para Poktani",1
"Kejar Target Vaksin Booster, Polresta Malang Kota Gelar Vaksinasi di Lapas",1
Nikmati Kopi Sendu Jurnalis Bersatu With Kapolsek Gubeng,1
Penanda Tanganan Pakta Intergritas Zero Weste di MPLS Spemlibels,1
"Niat Menyalip, Mobil Inova Adu Banteng Dengan Mobil Cerry Hingga Terguling",2
Ini Catatan Pansus 4 DPRD untuk Raperda Pemajuan Kebudayaan,0
Tedy Rusmawan Optimistis Ekonomi Bandung Bangkit,1
"Tak Ikuti Aturan, Lanud Muljono Kosongkan Rumah Dinas",2
"Mudahkan Urus Dokumen, Polrestabes Luncurkan Gerai",1
"Satukan Tali Asih, Jurnalis Bersatu Peduli Putri Dzakira",1
"Lepas Sambut Kepala Kabinda Jabar, Ruddy Akan Terus Jaga Stabilitas Keamanan Negara",1
Media Libas Malaka Santuni Anak Yatim dan Dhuafa,1
"Ditanya Soal Pengembalian Kerugian Negara, Dinas PUPR Bangkalan Sebut BPK Kurang Update",2
"Verifikasi Visual Pengembangan Ekowisata Citarik, Dansektor 21 Citarum Harum Dampingi Bapenas RI",1
LSM Abdi Rakyat Kembalikan Senyum Sindi,1
Polres Pasuruan Kota Berhasil Amankan 2 Pelaku Penyalahgunaan Narkotika Jenis Sabu,1
"Selipkan Sabu, Sopir Truck Asal Sukomanunggal Diringkus oleh Satresnarkoba Polrestabes Surabaya",2
"Melalui Produktivitas dan Efisiensi, Bank bjb Genjot Performa Layanan Digital",1
"Raker Bersama RSUD Kota Bandung, Komisi B Minta Benahi Fasilitas Layanan",1
DPRD Kota Bandung Setujui Raperda Pertanggungjawaban APBD 2021,0
Jumlah Dokter Gigi Spesialis Masih Minim di Indonesia,2
Kapolres Pasuruan Pimpin Upacara Sertijab Kapolsek Jajaran Polres Pasuruan,0
Polres Sumenep Berhasil Ungkap Kasus Persetubuhan dan Pencabulan Anak,2
DPC FKKPBM Kabupaten Pasuruan Lakukan Aksi Tanam 700 Pohon,1
"Polresta Malang Berhasil Menggagalkan Peredaran Narkoba, Puluhan Ribu Pil Koplo Diamankan",1
"Berlangsung 100 Persen, MPLS dan PTM Sekolah di Kota Bandung Dilakukan Secara Tatap Muka",0
Bank Bjb Dorong UMKM Go Global,1
Ketua IKWI Pusat Resmikan Sekretariat IKWI Jabar,1
Kota Bandung Siap Jadi Tuan Rumah IBL Playoff Musim 2022,1
"Diduga Selewengkan Dana Umat, Ini Klarifikasi Presiden ACT",2