title,Token,tag,stopwordByTag,stemmed,lemma,label
ngatiyana terjun langsung menemui warga menampung aspirasi masyarakat,"['ngatiyana', 'terjun', 'langsung', 'menemui', 'warga', 'menampung', 'aspirasi', 'masyarakat']","[('ngatiyana', 'SC'), ('terjun', 'VB'), ('langsung', 'RB'), ('menemui', 'VB'), ('warga', 'NN'), ('menampung', 'VB'), ('aspirasi', 'NN'), ('masyarakat', 'NN')]",ngatiyana terjun langsung menemui warga menampung aspirasi masyarakat,ngatiyana terjun langsung temu warga tampung aspirasi masyarakat,ngatiyana terjun langsung menemui warga menampung aspirasi masyarakat,1
manusia diterkam beruang,"['manusia', 'diterkam', 'beruang']","[('manusia', 'NN'), ('diterkam', 'NN'), ('beruang', 'NN')]",manusia diterkam beruang,manusia terkam beruang,manusia diterkam beruang,0
puluhan rumah di perum griya zavira cilawu terancam terbawa longsor warga minta pemkab segera bertindak,"['puluhan', 'rumah', 'di', 'perum', 'griya', 'zavira', 'cilawu', 'terancam', 'terbawa', 'longsor', 'warga', 'minta', 'pemkab', 'segera', 'bertindak']","[('puluhan', 'CD'), ('rumah', 'NN'), ('di', 'IN'), ('perum', 'NN'), ('griya', 'NN'), ('zavira', 'NN'), ('cilawu', 'NN'), ('terancam', 'VB'), ('terbawa', 'VB'), ('longsor', 'NN'), ('warga', 'NN'), ('minta', 'VB'), ('pemkab', 'NN'), ('segera', 'RB'), ('bertindak', 'VB')]",puluhan rumah  perum griya zavira cilawu terancam terbawa longsor warga  pemkab segera bertindak,puluh rumah perum griya zavira cilawu ancam bawa longsor warga pemkab segera tindak,puluhan rumah perum griya zavira cilawu terancam terbawa longsor warga pemkab segera bertindak,2
prakiraan cuaca kota-kota besar di indonesia untuk senin 25 juli 2022,"['prakiraan', 'cuaca', 'kota', '-', 'kota', 'besar', 'di', 'indonesia', 'untuk', 'senin', '25', 'juli', '2022']","[('prakiraan', 'NN'), ('cuaca', 'NN'), ('kota', 'NN'), ('-', 'Z'), ('kota', 'NN'), ('besar', 'JJ'), ('di', 'IN'), ('indonesia', 'NN'), ('untuk', 'SC'), ('senin', 'VB'), ('25', 'CD'), ('juli', 'VB'), ('2022', 'CD')]",prakiraan cuaca kota - kota   indonesia  senin 25 juli 2022,prakira cuaca kota - kota indonesia senin 25 juli 2022,prakiraan cuaca kota - kota indonesia senin 25 juli 2022,0
kurang dari 24 jam pelaku pembunuh remaja diciduk saat coba melarikan diri,"['kurang', 'dari', '24', 'jam', 'pelaku', 'pembunuh', 'remaja', 'diciduk', 'saat', 'coba', 'melarikan', 'diri']","[('kurang', 'RB'), ('dari', 'IN'), ('24', 'CD'), ('jam', 'NN'), ('pelaku', 'NN'), ('pembunuh', 'VB'), ('remaja', 'NN'), ('diciduk', 'NN'), ('saat', 'NN'), ('coba', 'VB'), ('melarikan', 'VB'), ('diri', 'NN')]",kurang  24 jam pelaku pembunuh remaja diciduk saat coba melarikan diri,kurang 24 jam laku bunuh remaja ciduk saat coba lari diri,kurang 24 jam pelaku pembunuh remaja diciduk saat coba melarikan diri,2
bawaslu kbb butuh anggaran rp23 miliar untuk pilkada serentak 2024,"['bawaslu', 'kbb', 'butuh', 'anggaran', 'rp23', 'miliar', 'untuk', 'pilkada', 'serentak', '2024']","[('bawaslu', 'NN'), ('kbb', 'NN'), ('butuh', 'VB'), ('anggaran', 'NN'), ('rp23', 'CD'), ('miliar', 'CD'), ('untuk', 'SC'), ('pilkada', 'IN'), ('serentak', 'NN'), ('2024', 'CD')]",bawaslu kbb butuh anggaran rp23 miliar  pilkada serentak 2024,bawaslu kbb butuh anggar rp23 miliar pilkada serentak 2024,bawaslu kbb butuh anggaran rp23 miliar pilkada serentak 2024,0
lansia menjadi kelompok paling rentan selama pandemi covid-19,"['lansia', 'menjadi', 'kelompok', 'paling', 'rentan', 'selama', 'pandemi', 'covid', '-', '19']","[('lansia', 'PRP'), ('menjadi', 'VB'), ('kelompok', 'NN'), ('paling', 'RB'), ('rentan', 'JJ'), ('selama', 'IN'), ('pandemi', 'NN'), ('covid', 'NN'), ('-', 'Z'), ('19', 'CD')]",lansia  kelompok paling rentan  pandemi covid - 19,lansia kelompok paling rentan pandemi covid - 19,lansia kelompok paling rentan pandemi covid - 19,0
terdakwa kasus kebakaran bengkel di tangerang divonis 8 tahun bui ph keputusan hakim bijak,"['terdakwa', 'kasus', 'kebakaran', 'bengkel', 'di', 'tangerang', 'divonis', '8', 'tahun', 'bui', 'ph', 'keputusan', 'hakim', 'bijak']","[('terdakwa', 'NN'), ('kasus', 'NN'), ('kebakaran', 'NN'), ('bengkel', 'NN'), ('di', 'IN'), ('tangerang', 'NN'), ('divonis', 'NN'), ('8', 'CD'), ('tahun', 'NN'), ('bui', 'VB'), ('ph', 'NN'), ('keputusan', 'NN'), ('hakim', 'NN'), ('bijak', 'JJ')]",terdakwa kasus kebakaran bengkel  tangerang divonis 8 tahun bui ph keputusan hakim bijak,dakwa kasus bakar bengkel tangerang vonis 8 tahun bui ph putus hakim bijak,terdakwa kasus kebakaran bengkel tangerang divonis 8 tahun bui ph keputusan hakim bijak,0
odong-odong terpental 10 meter dihantam kereta api 9 orang meninggal,"['odong', '-', 'odong', 'terpental', '10', 'meter', 'dihantam', 'kereta', 'api', '9', 'orang', 'meninggal']","[('odong', 'VB'), ('-', 'Z'), ('odong', 'VB'), ('terpental', 'NN'), ('10', 'CD'), ('meter', 'NND'), ('dihantam', 'NN'), ('kereta', 'NN'), ('api', 'NN'), ('9', 'CD'), ('orang', 'NN'), ('meninggal', 'VB')]",odong - odong terpental 10 meter dihantam kereta api 9 orang meninggal,odong - odong pental 10 meter hantam kereta api 9 orang tinggal,odong - odong terpental 10 meter dihantam kereta api 9 orang meninggal,2
cinta setelah cinta 26 juli 2022 tayang di sctv pukul 1930 wib niko dan ayu kepergok tio dan gurunya,"['cinta', 'setelah', 'cinta', '26', 'juli', '2022', 'tayang', 'di', 'sctv', 'pukul', '1930', 'wib', 'niko', 'dan', 'ayu', 'kepergok', 'tio', 'dan', 'gurunya']","[('cinta', 'VB'), ('setelah', 'SC'), ('cinta', 'VB'), ('26', 'CD'), ('juli', 'VB'), ('2022', 'CD'), ('tayang', 'NN'), ('di', 'IN'), ('sctv', 'NN'), ('pukul', 'NN'), ('1930', 'CD'), ('wib', 'NN'), ('niko', 'NN'), ('dan', 'CC'), ('ayu', 'NN'), ('kepergok', 'VB'), ('tio', 'NN'), ('dan', 'CC'), ('gurunya', 'RB')]",cinta  cinta 26 juli 2022 tayang  sctv pukul 1930 wib niko  ayu kepergok tio  gurunya,cinta cinta 26 juli 2022 tayang sctv pukul 1930 wib niko ayu pergok tio guru,cinta cinta 26 juli 2022 tayang sctv pukul 1930 wib niko ayu kepergok tio gurunya,0
sekali panen petani tomat di lembang mampu meraup pendapatan rp1 miliar,"['sekali', 'panen', 'petani', 'tomat', 'di', 'lembang', 'mampu', 'meraup', 'pendapatan', 'rp1', 'miliar']","[('sekali', 'RB'), ('panen', 'NN'), ('petani', 'NN'), ('tomat', 'NN'), ('di', 'IN'), ('lembang', 'NN'), ('mampu', 'JJ'), ('meraup', 'VB'), ('pendapatan', 'NN'), ('rp1', 'CD'), ('miliar', 'CD')]",sekali panen petani tomat  lembang  meraup pendapatan rp1 miliar,sekali panen tani tomat lembang raup dapat rp1 miliar,sekali panen petani tomat lembang meraup pendapatan rp1 miliar,1
bacaan niat puasa senin-kamis berikut doa berbuka dan keutamaannya,"['bacaan', 'niat', 'puasa', 'senin', '-', 'kamis', 'berikut', 'doa', 'berbuka', 'dan', 'keutamaannya']","[('bacaan', 'NN'), ('niat', 'NN'), ('puasa', 'NN'), ('senin', 'NNP'), ('-', 'Z'), ('kamis', 'NN'), ('berikut', 'PR'), ('doa', 'VB'), ('berbuka', 'NN'), ('dan', 'CC'), ('keutamaannya', 'RB')]",bacaan niat puasa senin - kamis  doa berbuka  keutamaannya,baca niat puasa senin - kamis doa buka utama,bacaan niat puasa senin - kami doa berbuka keutamaannya,0
link live streaming persikabo vs persebaya surabaya segera kick off langsung klik di sini,"['link', 'live', 'streaming', 'persikabo', 'vs', 'persebaya', 'surabaya', 'segera', 'kick', 'off', 'langsung', 'klik', 'di', 'sini']","[('link', 'FW'), ('live', 'FW'), ('streaming', 'FW'), ('persikabo', 'FW'), ('vs', 'FW'), ('persebaya', 'NN'), ('surabaya', 'NN'), ('segera', 'RB'), ('kick', 'FW'), ('off', 'FW'), ('langsung', 'RB'), ('klik', 'VB'), ('di', 'IN'), ('sini', 'PR')]",link live streaming persikabo vs persebaya surabaya segera kick off langsung klik  ,link live streaming persikabo vs baya surabaya segera kick off langsung klik,link live streaming persikabo v persebaya surabaya segera kick off langsung klik,0
link live streaming persib bandung vs bhayangkara fc maung bandung sementara unggul 2-1,"['link', 'live', 'streaming', 'persib', 'bandung', 'vs', 'bhayangkara', 'fc', 'maung', 'bandung', 'sementara', 'unggul', '2', '-', '1']","[('link', 'FW'), ('live', 'FW'), ('streaming', 'FW'), ('persib', 'FW'), ('bandung', 'FW'), ('vs', 'FW'), ('bhayangkara', 'FW'), ('fc', 'FW'), ('maung', 'VB'), ('bandung', 'NN'), ('sementara', 'SC'), ('unggul', 'VB'), ('2', 'CD'), ('-', 'Z'), ('1', 'CD')]",link live streaming persib  vs bhayangkara fc maung   unggul 2 - 1,link live streaming persib vs bhayangkara fc maung unggul 2 - 1,link live streaming persib v bhayangkara fc maung unggul 2 - 1,0
hadapi tim eppd jabar bupati sumedang tekan bawahannya kooperatif,"['hadapi', 'tim', 'eppd', 'jabar', 'bupati', 'sumedang', 'tekan', 'bawahannya', 'kooperatif']","[('hadapi', 'CC'), ('tim', 'NN'), ('eppd', 'NN'), ('jabar', 'NN'), ('bupati', 'VB'), ('sumedang', 'NN'), ('tekan', 'VB'), ('bawahannya', 'RB'), ('kooperatif', 'JJ')]",hadapi tim eppd jabar bupati sumedang tekan bawahannya kooperatif,hadap tim eppd jabar bupati sumedang tekan bawah kooperatif,hadapi tim eppd jabar bupati sumedang tekan bawahannya kooperatif,2
persikabo taklukkan persebaya surabaya 1-0 gustavo tocantins jadi pahlawan kemenangan,"['persikabo', 'taklukkan', 'persebaya', 'surabaya', '1', '-', '0', 'gustavo', 'tocantins', 'jadi', 'pahlawan', 'kemenangan']","[('persikabo', 'NN'), ('taklukkan', 'VB'), ('persebaya', 'NN'), ('surabaya', 'NN'), ('1', 'CD'), ('-', 'Z'), ('0', 'CD'), ('gustavo', 'NN'), ('tocantins', 'NN'), ('jadi', 'VB'), ('pahlawan', 'NN'), ('kemenangan', 'NN')]",persikabo taklukkan persebaya surabaya 1 - 0 gustavo tocantins  pahlawan kemenangan,persikabo takluk baya surabaya 1 - 0 gustavo tocantins pahlawan menang,persikabo taklukkan persebaya surabaya 1 - 0 gustavo tocantins pahlawan kemenangan,1
benfica vs newcastle united jadwal pertandingan tempat dan prediksi susunan pemain,"['benfica', 'vs', 'newcastle', 'united', 'jadwal', 'pertandingan', 'tempat', 'dan', 'prediksi', 'susunan', 'pemain']","[('benfica', 'NN'), ('vs', 'FW'), ('newcastle', 'FW'), ('united', 'FW'), ('jadwal', 'NN'), ('pertandingan', 'NN'), ('tempat', 'NN'), ('dan', 'CC'), ('prediksi', 'NN'), ('susunan', 'NN'), ('pemain', 'JJ')]",benfica vs newcastle united jadwal pertandingan tempat  prediksi susunan pemain,benfica vs newcastle united jadwal tanding tempat prediksi susun main,benfica v newcastle united jadwal pertandingan tempat prediksi susunan pemain,0
ridwan kamil 'ceramahi' baim wong soal citayam fashion week tidak perlu ikut-ikutan mengatur,"['ridwan', 'kamil', ""'"", 'ceramahi', ""'"", 'baim', 'wong', 'soal', 'citayam', 'fashion', 'week', 'tidak', 'perlu', 'ikut', '-', 'ikutan', 'mengatur']","[('ridwan', 'NN'), ('kamil', 'JJ'), (""'"", 'Z'), ('ceramahi', 'VB'), (""'"", 'Z'), ('baim', 'VB'), ('wong', 'VB'), ('soal', 'NN'), ('citayam', 'NN'), ('fashion', 'NN'), ('week', 'NN'), ('tidak', 'NEG'), ('perlu', 'MD'), ('ikut', 'VB'), ('-', 'Z'), ('ikutan', 'NN'), ('mengatur', 'VB')]",ridwan kamil ' ceramahi ' baim  soal citayam fashion week    - ikutan mengatur,ridwan kamil  ceramah  baim soal citayam fashion week - ikut atur,ridwan kamil ' ceramahi ' baim soal citayam fashion week - ikutan mengatur,1
link live streaming persis solo vs dewa united pertaruhan kualitas 2 mantan pelatih timnas indonesia,"['link', 'live', 'streaming', 'persis', 'solo', 'vs', 'dewa', 'united', 'pertaruhan', 'kualitas', '2', 'mantan', 'pelatih', 'timnas', 'indonesia']","[('link', 'FW'), ('live', 'FW'), ('streaming', 'FW'), ('persis', 'FW'), ('solo', 'FW'), ('vs', 'FW'), ('dewa', 'FW'), ('united', 'FW'), ('pertaruhan', 'NN'), ('kualitas', 'NN'), ('2', 'CD'), ('mantan', 'JJ'), ('pelatih', 'VB'), ('timnas', 'NN'), ('indonesia', 'NNP')]",link live streaming persis solo vs dewa united pertaruhan kualitas 2 mantan pelatih timnas indonesia,link live streaming persis solo vs dewa united taruh kualitas 2 mantan latih timnas indonesia,link live streaming persis solo v dewa united pertaruhan kualitas 2 mantan pelatih timnas indonesia,0
mencekam warga sweeping kendaraan bermotor di yogyakarta plat ad trending topic,"['mencekam', 'warga', 'sweeping', 'kendaraan', 'bermotor', 'di', 'yogyakarta', 'plat', 'ad', 'trending', 'topic']","[('mencekam', 'VB'), ('warga', 'NN'), ('sweeping', 'NN'), ('kendaraan', 'NN'), ('bermotor', 'NN'), ('di', 'IN'), ('yogyakarta', 'NN'), ('plat', 'NN'), ('ad', 'FW'), ('trending', 'FW'), ('topic', 'FW')]",mencekam warga sweeping kendaraan bermotor  yogyakarta plat ad trending topic,cekam warga sweeping kendara motor yogyakarta plat ad trending topic,mencekam warga sweeping kendaraan bermotor yogyakarta plat ad trending topic,2
ini daftar 73 jemaah haji yang meninggal hingga hari ke-53 60% jemaah gelombang pertama pulang ke tanah air,"['ini', 'daftar', '73', 'jemaah', 'haji', 'yang', 'meninggal', 'hingga', 'hari', 'ke', '-', '53', '60', '%', 'jemaah', 'gelombang', 'pertama', 'pulang', 'ke', 'tanah', 'air']","[('ini', 'PR'), ('daftar', 'IN'), ('73', 'CD'), ('jemaah', 'NN'), ('haji', 'NN'), ('yang', 'SC'), ('meninggal', 'VB'), ('hingga', 'IN'), ('hari', 'NN'), ('ke', 'IN'), ('-', 'Z'), ('53', 'CD'), ('60', 'CD'), ('%', 'SYM'), ('jemaah', 'NN'), ('gelombang', 'NN'), ('pertama', 'OD'), ('pulang', 'VB'), ('ke', 'IN'), ('tanah', 'NN'), ('air', 'NN')]", daftar 73 jemaah haji  meninggal  hari  - 53 60 % jemaah gelombang  pulang  tanah air,daftar 73 jemaah haji tinggal hari - 53 60  jemaah gelombang pulang tanah air,daftar 73 jemaah haji meninggal hari - 53 60 % jemaah gelombang pulang tanah air,2
petani masuk kelompok prasejahtera pks minta kader legislatif dan eksekutif ikut berjuang,"['petani', 'masuk', 'kelompok', 'prasejahtera', 'pks', 'minta', 'kader', 'legislatif', 'dan', 'eksekutif', 'ikut', 'berjuang']","[('petani', 'NN'), ('masuk', 'VB'), ('kelompok', 'NN'), ('prasejahtera', 'NN'), ('pks', 'NN'), ('minta', 'VB'), ('kader', 'NN'), ('legislatif', 'JJ'), ('dan', 'CC'), ('eksekutif', 'JJ'), ('ikut', 'VB'), ('berjuang', 'VB')]",petani masuk kelompok prasejahtera pks  kader legislatif  eksekutif  berjuang,tani masuk kelompok prasejahtera pks kader legislatif eksekutif juang,petani masuk kelompok prasejahtera pks kader legislatif eksekutif berjuang,1
green kurban salurkan ke 17782 penerima manfaat,"['green', 'kurban', 'salurkan', 'ke', '17782', 'penerima', 'manfaat']","[('green', 'NN'), ('kurban', 'NN'), ('salurkan', 'VB'), ('ke', 'IN'), ('17782', 'CD'), ('penerima', 'CD'), ('manfaat', 'NN')]",green kurban salurkan  17782 penerima manfaat,green kurban salur 17782 terima manfaat,green kurban salurkan 17782 penerima manfaat,1
bpkad kota cimahi launching aplikasi siaga,"['bpkad', 'kota', 'cimahi', 'launching', 'aplikasi', 'siaga']","[('bpkad', 'VB'), ('kota', 'NN'), ('cimahi', 'VB'), ('launching', 'NN'), ('aplikasi', 'NN'), ('siaga', 'VB')]",bpkad kota cimahi launching aplikasi siaga,bpkad kota cimahi launching aplikasi siaga,bpkad kota cimahi launching aplikasi siaga,1
museum subang masih kurang pengunjung,"['museum', 'subang', 'masih', 'kurang', 'pengunjung']","[('museum', 'NN'), ('subang', 'NN'), ('masih', 'MD'), ('kurang', 'RB'), ('pengunjung', 'VB')]",museum   kurang pengunjung,museum kurang unjung,museum kurang pengunjung,2
link streaming cinta setelah cinta 26 juli 2022 tayang sesaat lagi langsung klik di sini,"['link', 'streaming', 'cinta', 'setelah', 'cinta', '26', 'juli', '2022', 'tayang', 'sesaat', 'lagi', 'langsung', 'klik', 'di', 'sini']","[('link', 'NN'), ('streaming', 'NN'), ('cinta', 'VB'), ('setelah', 'SC'), ('cinta', 'VB'), ('26', 'CD'), ('juli', 'VB'), ('2022', 'CD'), ('tayang', 'NN'), ('sesaat', 'NN'), ('lagi', 'RB'), ('langsung', 'RB'), ('klik', 'VB'), ('di', 'IN'), ('sini', 'PR')]",link streaming cinta  cinta 26 juli 2022 tayang sesaat lagi langsung klik  ,link streaming cinta cinta 26 juli 2022 tayang saat lagi langsung klik,link streaming cinta cinta 26 juli 2022 tayang sesaat lagi langsung klik,0
perkuat persatuan dan kesatuan kodim 0618/bs laksanakan bimkom cegah konflik sosial,"['perkuat', 'persatuan', 'dan', 'kesatuan', 'kodim', '0618', '/', 'bs', 'laksanakan', 'bimkom', 'cegah', 'konflik', 'sosial']","[('perkuat', 'VB'), ('persatuan', 'NN'), ('dan', 'CC'), ('kesatuan', 'NN'), ('kodim', 'NN'), ('0618', 'CD'), ('/', 'Z'), ('bs', 'NN'), ('laksanakan', 'VB'), ('bimkom', 'NN'), ('cegah', 'NN'), ('konflik', 'NN'), ('sosial', 'JJ')]",perkuat persatuan  kesatuan kodim 0618 / bs laksanakan bimkom cegah konflik sosial,kuat satu satu kodim 0618  bs laksana bimkom cegah konflik sosial,perkuat persatuan kesatuan kodim 0618 / b laksanakan bimkom cegah konflik sosial,1
dahana garap rajata penghancur tanpa ketahui musuh,"['dahana', 'garap', 'rajata', 'penghancur', 'tanpa', 'ketahui', 'musuh']","[('dahana', 'SC'), ('garap', 'VB'), ('rajata', 'NN'), ('penghancur', 'NN'), ('tanpa', 'IN'), ('ketahui', 'VB'), ('musuh', 'NN')]",dahana garap rajata penghancur  ketahui musuh,dahana garap rajata hancur tahu musuh,dahana garap rajata penghancur ketahui musuh,0
jelang benfica vs newcastle united the magpies ambisi datangkan timo werner dari chelsea,"['jelang', 'benfica', 'vs', 'newcastle', 'united', 'the', 'magpies', 'ambisi', 'datangkan', 'timo', 'werner', 'dari', 'chelsea']","[('jelang', 'NN'), ('benfica', 'NN'), ('vs', 'FW'), ('newcastle', 'FW'), ('united', 'FW'), ('the', 'FW'), ('magpies', 'FW'), ('ambisi', 'NN'), ('datangkan', 'VB'), ('timo', 'NN'), ('werner', 'NN'), ('dari', 'IN'), ('chelsea', 'NN')]",jelang benfica vs newcastle united the magpies ambisi datangkan timo werner  chelsea,jelang benfica vs newcastle united the magpies ambisi datang timo werner chelsea,jelang benfica v newcastle united the magpie ambisi datangkan timo werner chelsea,0
frets butuan bawa persib unggul sementara di babak kedua link live streaming bisa diakses di sini,"['frets', 'butuan', 'bawa', 'persib', 'unggul', 'sementara', 'di', 'babak', 'kedua', 'link', 'live', 'streaming', 'bisa', 'diakses', 'di', 'sini']","[('frets', 'NN'), ('butuan', 'NN'), ('bawa', 'VB'), ('persib', 'NN'), ('unggul', 'JJ'), ('sementara', 'SC'), ('di', 'IN'), ('babak', 'NN'), ('kedua', 'OD'), ('link', 'FW'), ('live', 'FW'), ('streaming', 'FW'), ('bisa', 'MD'), ('diakses', 'VB'), ('di', 'IN'), ('sini', 'PR')]",frets butuan bawa persib unggul   babak  link live streaming  diakses  ,frets butuan bawa persib unggul babak link live streaming akses,fret butuan bawa persib unggul babak link live streaming diakses,0
wakil ketua dprd kota bandung ade supriadi wafat wali kota berduka,"['wakil', 'ketua', 'dprd', 'kota', 'bandung', 'ade', 'supriadi', 'wafat', 'wali', 'kota', 'berduka']","[('wakil', 'NN'), ('ketua', 'NN'), ('dprd', 'NN'), ('kota', 'NN'), ('bandung', 'VB'), ('ade', 'NN'), ('supriadi', 'VB'), ('wafat', 'NN'), ('wali', 'NN'), ('kota', 'NN'), ('berduka', 'VB')]",wakil ketua dprd kota  ade supriadi wafat wali kota berduka,wakil ketua dprd kota ade supriadi wafat wali kota duka,wakil ketua dprd kota ade supriadi wafat wali kota berduka,0
link live streaming persikabo vs persebaya surabaya langsung klik di sini,"['link', 'live', 'streaming', 'persikabo', 'vs', 'persebaya', 'surabaya', 'langsung', 'klik', 'di', 'sini']","[('link', 'FW'), ('live', 'FW'), ('streaming', 'FW'), ('persikabo', 'FW'), ('vs', 'FW'), ('persebaya', 'NN'), ('surabaya', 'NN'), ('langsung', 'RB'), ('klik', 'VB'), ('di', 'IN'), ('sini', 'PR')]",link live streaming persikabo vs persebaya surabaya langsung klik  ,link live streaming persikabo vs baya surabaya langsung klik,link live streaming persikabo v persebaya surabaya langsung klik,0
persib bandung kebobolan jelang pertandingan kontra bhayangkara fc berakhir wasit jadi sorotan bobotoh,"['persib', 'bandung', 'kebobolan', 'jelang', 'pertandingan', 'kontra', 'bhayangkara', 'fc', 'berakhir', 'wasit', 'jadi', 'sorotan', 'bobotoh']","[('persib', 'NN'), ('bandung', 'VB'), ('kebobolan', 'NN'), ('jelang', 'NN'), ('pertandingan', 'NN'), ('kontra', 'VB'), ('bhayangkara', 'NN'), ('fc', 'NN'), ('berakhir', 'VB'), ('wasit', 'NN'), ('jadi', 'VB'), ('sorotan', 'NN'), ('bobotoh', 'NN')]",persib  kebobolan jelang pertandingan kontra bhayangkara fc  wasit  sorotan bobotoh,persib bobol jelang tanding kontra bhayangkara fc wasit sorot bobotoh,persib kebobolan jelang pertandingan kontra bhayangkara fc wasit sorotan bobotoh,0
pelatihan guru utama revitalisasi bahasa daerah menjaga kepunahan bahasa daerah dengan menulis,"['pelatihan', 'guru', 'utama', 'revitalisasi', 'bahasa', 'daerah', 'menjaga', 'kepunahan', 'bahasa', 'daerah', 'dengan', 'menulis']","[('pelatihan', 'NN'), ('guru', 'NN'), ('utama', 'JJ'), ('revitalisasi', 'NN'), ('bahasa', 'NN'), ('daerah', 'NN'), ('menjaga', 'VB'), ('kepunahan', 'NN'), ('bahasa', 'NN'), ('daerah', 'NN'), ('dengan', 'SC'), ('menulis', 'VB')]",pelatihan guru utama revitalisasi bahasa daerah menjaga kepunahan bahasa daerah  menulis,latih guru utama revitalisasi bahasa daerah jaga punah bahasa daerah tulis,pelatihan guru utama revitalisasi bahasa daerah menjaga kepunahan bahasa daerah menulis,1
nonton persikabo vs persebaya surabaya langsung klik link live streaming hanya di sini,"['nonton', 'persikabo', 'vs', 'persebaya', 'surabaya', 'langsung', 'klik', 'link', 'live', 'streaming', 'hanya', 'di', 'sini']","[('nonton', 'NN'), ('persikabo', 'NN'), ('vs', 'NN'), ('persebaya', 'NN'), ('surabaya', 'NN'), ('langsung', 'RB'), ('klik', 'VB'), ('link', 'FW'), ('live', 'FW'), ('streaming', 'FW'), ('hanya', 'RB'), ('di', 'IN'), ('sini', 'PR')]",nonton persikabo vs persebaya surabaya langsung klik link live streaming hanya  ,nonton persikabo vs baya surabaya langsung klik link live streaming hanya,nonton persikabo v persebaya surabaya langsung klik link live streaming hanya,0
ridwan kamil dinobatkan sebagai ayah inspiratif,"['ridwan', 'kamil', 'dinobatkan', 'sebagai', 'ayah', 'inspiratif']","[('ridwan', 'NN'), ('kamil', 'JJ'), ('dinobatkan', 'VB'), ('sebagai', 'IN'), ('ayah', 'NN'), ('inspiratif', 'JJ')]",ridwan kamil dinobatkan  ayah inspiratif,ridwan kamil nobat ayah inspiratif,ridwan kamil dinobatkan ayah inspiratif,1
presiden jokowi tiba di china besok sore temui xi jinping secara tertutup,"['presiden', 'jokowi', 'tiba', 'di', 'china', 'besok', 'sore', 'temui', 'xi', 'jinping', 'secara', 'tertutup']","[('presiden', 'NN'), ('jokowi', 'NN'), ('tiba', 'VB'), ('di', 'IN'), ('china', 'NN'), ('besok', 'NN'), ('sore', 'NN'), ('temui', 'VB'), ('xi', 'NN'), ('jinping', 'NN'), ('secara', 'IN'), ('tertutup', 'VB')]",presiden jokowi   china besok sore temui xi jinping  tertutup,presiden jokowi china besok sore temu xi jinping tutup,presiden jokowi china besok sore temui xi jinping tertutup,0
kpas-plaastro gelar pameran tunggal 'the silence of khotbah',"['kpas', '-', 'plaastro', 'gelar', 'pameran', 'tunggal', ""'"", 'the', 'silence', 'of', 'khotbah', ""'""]","[('kpas', 'VB'), ('-', 'Z'), ('plaastro', 'NN'), ('gelar', 'NN'), ('pameran', 'NN'), ('tunggal', 'JJ'), (""'"", 'Z'), ('the', 'FW'), ('silence', 'FW'), ('of', 'FW'), ('khotbah', 'VB'), (""'"", 'Z')]",kpas - plaastro gelar pameran tunggal ' the silence of khotbah ',kpas - plaastro gelar pamer tunggal  the silence of khotbah ,kpas - plaastro gelar pameran tunggal ' the silence of khotbah ',0
langsung jatuh cinta pada kosumon moeldoko saya jagonya ngopi ini very special,"['langsung', 'jatuh', 'cinta', 'pada', 'kosumon', 'moeldoko', 'saya', 'jagonya', 'ngopi', 'ini', 'very', 'special']","[('langsung', 'RB'), ('jatuh', 'VB'), ('cinta', 'VB'), ('pada', 'IN'), ('kosumon', 'NN'), ('moeldoko', 'NN'), ('saya', 'PRP'), ('jagonya', 'RB'), ('ngopi', 'NN'), ('ini', 'PR'), ('very', 'FW'), ('special', 'FW')]",langsung jatuh cinta  kosumon moeldoko  jagonya ngopi  very special,langsung jatuh cinta kosumon moeldoko jago ngopi very special,langsung jatuh cinta kosumon moeldoko jagonya ngopi very special,1
gandeng pemerintah daerah tokopedia dorong implementasi digitalisasi pasar rakyat,"['gandeng', 'pemerintah', 'daerah', 'tokopedia', 'dorong', 'implementasi', 'digitalisasi', 'pasar', 'rakyat']","[('gandeng', 'NN'), ('pemerintah', 'NN'), ('daerah', 'NN'), ('tokopedia', 'NN'), ('dorong', 'VB'), ('implementasi', 'NN'), ('digitalisasi', 'NN'), ('pasar', 'NN'), ('rakyat', 'NN')]",gandeng pemerintah daerah tokopedia dorong implementasi digitalisasi pasar rakyat,gandeng perintah daerah tokopedia dorong implementasi digitalisasi pasar rakyat,gandeng pemerintah daerah tokopedia dorong implementasi digitalisasi pasar rakyat,1
viral petarung ufc sampaikan hal menyedihkan usai menang tarung temannya bunuh diri jelang tanding,"['viral', 'petarung', 'ufc', 'sampaikan', 'hal', 'menyedihkan', 'usai', 'menang', 'tarung', 'temannya', 'bunuh', 'diri', 'jelang', 'tanding']","[('viral', 'JJ'), ('petarung', 'VB'), ('ufc', 'NN'), ('sampaikan', 'VB'), ('hal', 'NN'), ('menyedihkan', 'VB'), ('usai', 'SC'), ('menang', 'VB'), ('tarung', 'NN'), ('temannya', 'RB'), ('bunuh', 'VB'), ('diri', 'NN'), ('jelang', 'NN'), ('tanding', 'FW')]",viral petarung ufc  hal menyedihkan  menang tarung temannya bunuh diri jelang tanding,viral tarung ufc hal sedih menang tarung teman bunuh diri jelang tanding,viral petarung ufc hal menyedihkan menang tarung temannya bunuh diri jelang tanding,2
viral seorang pria tergeletak di jalanan yogyakarta polda diy cek kemungkinan korban jiwa ke rs,"['viral', 'seorang', 'pria', 'tergeletak', 'di', 'jalanan', 'yogyakarta', 'polda', 'diy', 'cek', 'kemungkinan', 'korban', 'jiwa', 'ke', 'rs']","[('viral', 'NN'), ('seorang', 'NND'), ('pria', 'NN'), ('tergeletak', 'NN'), ('di', 'IN'), ('jalanan', 'NN'), ('yogyakarta', 'NN'), ('polda', 'VB'), ('diy', 'FW'), ('cek', 'NN'), ('kemungkinan', 'NN'), ('korban', 'NN'), ('jiwa', 'NN'), ('ke', 'IN'), ('rs', 'NNP')]",viral seorang pria tergeletak  jalanan yogyakarta polda diy cek  korban jiwa  rs,viral orang pria geletak jalan yogyakarta polda diy cek korban jiwa rs,viral seorang pria tergeletak jalanan yogyakarta polda diy cek korban jiwa r,2
ade yasin optimis eksepsi diterima hakim dakwaan tak sesuai dengan alasan kpk melakukan penangkapan,"['ade', 'yasin', 'optimis', 'eksepsi', 'diterima', 'hakim', 'dakwaan', 'tak', 'sesuai', 'dengan', 'alasan', 'kpk', 'melakukan', 'penangkapan']","[('ade', 'NN'), ('yasin', 'NN'), ('optimis', 'NN'), ('eksepsi', 'NN'), ('diterima', 'VB'), ('hakim', 'NN'), ('dakwaan', 'NN'), ('tak', 'NEG'), ('sesuai', 'JJ'), ('dengan', 'IN'), ('alasan', 'NN'), ('kpk', 'NN'), ('melakukan', 'VB'), ('penangkapan', 'NN')]",ade yasin optimis eksepsi diterima hakim dakwaan  sesuai  alasan kpk  penangkapan,ade yasin optimis eksepsi terima hakim dakwa sesuai alas kpk tangkap,ade yasin optimis eksepsi diterima hakim dakwaan sesuai alasan kpk penangkapan,0
empat pelaku spesialis pencurian mobil pick up diringkus polresta bandung,"['empat', 'pelaku', 'spesialis', 'pencurian', 'mobil', 'pick', 'up', 'diringkus', 'polresta', 'bandung']","[('empat', 'CD'), ('pelaku', 'NN'), ('spesialis', 'NN'), ('pencurian', 'NN'), ('mobil', 'NN'), ('pick', 'FW'), ('up', 'FW'), ('diringkus', 'NN'), ('polresta', 'JJ'), ('bandung', 'VB')]", pelaku spesialis pencurian mobil pick up diringkus polresta ,laku spesialis curi mobil pick up ringkus polresta,pelaku spesialis pencurian mobil pick up diringkus polresta,2
waspada siang dan malam hari jabar diguyur hujan prakiraan cuaca wilayah jawa barat senin 25 juli 2022,"['waspada', 'siang', 'dan', 'malam', 'hari', 'jabar', 'diguyur', 'hujan', 'prakiraan', 'cuaca', 'wilayah', 'jawa', 'barat', 'senin', '25', 'juli', '2022']","[('waspada', 'IN'), ('siang', 'NN'), ('dan', 'CC'), ('malam', 'NN'), ('hari', 'NN'), ('jabar', 'NN'), ('diguyur', 'NN'), ('hujan', 'NN'), ('prakiraan', 'NN'), ('cuaca', 'NN'), ('wilayah', 'NN'), ('jawa', 'VB'), ('barat', 'NN'), ('senin', 'NN'), ('25', 'CD'), ('juli', 'VB'), ('2022', 'CD')]",waspada siang  malam hari jabar diguyur hujan prakiraan cuaca wilayah jawa barat senin 25 juli 2022,waspada siang malam hari jabar guyur hujan prakira cuaca wilayah jawa barat senin 25 juli 2022,waspada siang malam hari jabar diguyur hujan prakiraan cuaca wilayah jawa barat senin 25 juli 2022,2
buka latsar cpns sekda jabar tekankan integritas,"['buka', 'latsar', 'cpns', 'sekda', 'jabar', 'tekankan', 'integritas']","[('buka', 'VB'), ('latsar', 'NN'), ('cpns', 'NN'), ('sekda', 'VB'), ('jabar', 'NN'), ('tekankan', 'VB'), ('integritas', 'NN')]",buka latsar cpns sekda jabar tekankan integritas,buka latsar cpns sekda jabar tekan integritas,buka latsar cpns sekda jabar tekankan integritas,0
panglima tni utus dokter forensik tni lakukan autopsi brigadir j kalau mau tambah juga boleh,"['panglima', 'tni', 'utus', 'dokter', 'forensik', 'tni', 'lakukan', 'autopsi', 'brigadir', 'j', 'kalau', 'mau', 'tambah', 'juga', 'boleh']","[('panglima', 'NN'), ('tni', 'PR'), ('utus', 'VB'), ('dokter', 'NN'), ('forensik', 'NN'), ('tni', 'PR'), ('lakukan', 'VB'), ('autopsi', 'NN'), ('brigadir', 'NN'), ('j', 'NN'), ('kalau', 'SC'), ('mau', 'RB'), ('tambah', 'VB'), ('juga', 'RB'), ('boleh', 'MD')]",panglima tni utus dokter forensik tni lakukan autopsi brigadir j  mau  juga ,panglima tni utus dokter forensik tni laku autopsi brigadir j mau juga,panglima tni utu dokter forensik tni lakukan autopsi brigadir j mau juga,0
pad retribusi parkir minim ini yang akan dilakukan bapenda kbb,"['pad', 'retribusi', 'parkir', 'minim', 'ini', 'yang', 'akan', 'dilakukan', 'bapenda', 'kbb']","[('pad', 'NN'), ('retribusi', 'NN'), ('parkir', 'NN'), ('minim', 'NN'), ('ini', 'PR'), ('yang', 'SC'), ('akan', 'MD'), ('dilakukan', 'VB'), ('bapenda', 'NN'), ('kbb', 'JJ')]",pad retribusi parkir minim     bapenda kbb,pad retribusi parkir minim bapenda kbb,pad retribusi parkir minim bapenda kbb,0
pesan menohok ridwan kamil ke baim wong soal citayam fashion week anda dan istri sudah hebat tapi,"['pesan', 'menohok', 'ridwan', 'kamil', 'ke', 'baim', 'wong', 'soal', 'citayam', 'fashion', 'week', 'anda', 'dan', 'istri', 'sudah', 'hebat', 'tapi']","[('pesan', 'NN'), ('menohok', 'NN'), ('ridwan', 'NN'), ('kamil', 'JJ'), ('ke', 'IN'), ('baim', 'NN'), ('wong', 'VB'), ('soal', 'NN'), ('citayam', 'NN'), ('fashion', 'NN'), ('week', 'NN'), ('anda', 'PRP'), ('dan', 'CC'), ('istri', 'NN'), ('sudah', 'MD'), ('hebat', 'VB'), ('tapi', 'CC')]",pesan menohok ridwan kamil  baim  soal citayam fashion week   istri  hebat ,pesan tohok ridwan kamil baim soal citayam fashion week istri hebat,pesan menohok ridwan kamil baim soal citayam fashion week istri hebat,2
berusaha pulihkan cedera febri hariyadi disemangati mario jardel semangat bang bow,"['berusaha', 'pulihkan', 'cedera', 'febri', 'hariyadi', 'disemangati', 'mario', 'jardel', 'semangat', 'bang', 'bow']","[('berusaha', 'VB'), ('pulihkan', 'VB'), ('cedera', 'JJ'), ('febri', 'NN'), ('hariyadi', 'VB'), ('disemangati', 'VB'), ('mario', 'NN'), ('jardel', 'NN'), ('semangat', 'NN'), ('bang', 'NN'), ('bow', 'FW')]",berusaha pulihkan cedera febri hariyadi disemangati mario jardel semangat bang bow,usaha pulih cedera febri hariyadi semangat mario jardel semangat bang bow,berusaha pulihkan cedera febri hariyadi disemangati mario jardel semangat bang bow,1
pemilik tim football menangkan lelang sabuk juara tinju muhammad ali ini harganya,"['pemilik', 'tim', 'football', 'menangkan', 'lelang', 'sabuk', 'juara', 'tinju', 'muhammad', 'ali', 'ini', 'harganya']","[('pemilik', 'NN'), ('tim', 'NN'), ('football', 'NN'), ('menangkan', 'VB'), ('lelang', 'NN'), ('sabuk', 'NN'), ('juara', 'NN'), ('tinju', 'NN'), ('muhammad', 'NN'), ('ali', 'NN'), ('ini', 'PR'), ('harganya', 'RB')]",pemilik tim football menangkan lelang sabuk juara tinju muhammad ali  harganya,milik tim football menang lelang sabuk juara tinju muhammad ali harga,pemilik tim football menangkan lelang sabuk juara tinju muhammad ali harganya,1
tersangka kasus subang bertambah jadi 11 orang perannya diungkap polda jabar,"['tersangka', 'kasus', 'subang', 'bertambah', 'jadi', '11', 'orang', 'perannya', 'diungkap', 'polda', 'jabar']","[('tersangka', 'NN'), ('kasus', 'NN'), ('subang', 'NN'), ('bertambah', 'VB'), ('jadi', 'VB'), ('11', 'CD'), ('orang', 'NN'), ('perannya', 'RB'), ('diungkap', 'VB'), ('polda', 'NN'), ('jabar', 'JJ')]",tersangka kasus  bertambah  11 orang perannya diungkap polda jabar,sangka kasus tambah 11 orang peran ungkap polda jabar,tersangka kasus bertambah 11 orang perannya diungkap polda jabar,2
kasus anak tewas akibat perundungan di tasikmalaya 3 orang jadi tersangka,"['kasus', 'anak', 'tewas', 'akibat', 'perundungan', 'di', 'tasikmalaya', '3', 'orang', 'jadi', 'tersangka']","[('kasus', 'NN'), ('anak', 'NN'), ('tewas', 'VB'), ('akibat', 'NN'), ('perundungan', 'NN'), ('di', 'IN'), ('tasikmalaya', 'NN'), ('3', 'CD'), ('orang', 'NN'), ('jadi', 'VB'), ('tersangka', 'NN')]",kasus anak tewas akibat perundungan  tasikmalaya 3 orang  tersangka,kasus anak tewas akibat rundung tasikmalaya 3 orang sangka,kasus anak tewas akibat perundungan tasikmalaya 3 orang tersangka,2
cinta setelah cinta 25 juli 2022 tayang di sctv pukul 1930 simak sinopsis berikut link streaming,"['cinta', 'setelah', 'cinta', '25', 'juli', '2022', 'tayang', 'di', 'sctv', 'pukul', '1930', 'simak', 'sinopsis', 'berikut', 'link', 'streaming']","[('cinta', 'VB'), ('setelah', 'SC'), ('cinta', 'VB'), ('25', 'CD'), ('juli', 'VB'), ('2022', 'CD'), ('tayang', 'NN'), ('di', 'IN'), ('sctv', 'NN'), ('pukul', 'NN'), ('1930', 'CD'), ('simak', 'NN'), ('sinopsis', 'NN'), ('berikut', 'FW'), ('link', 'FW'), ('streaming', 'FW')]",cinta  cinta 25 juli 2022 tayang  sctv pukul 1930 simak sinopsis  link streaming,cinta cinta 25 juli 2022 tayang sctv pukul 1930 simak sinopsis link streaming,cinta cinta 25 juli 2022 tayang sctv pukul 1930 simak sinopsis link streaming,0
ada 16000 kasus cacar monyet di 75 negara who minta kawasan asia tenggara perkuat pengawasan,"['ada', '16000', 'kasus', 'cacar', 'monyet', 'di', '75', 'negara', 'who', 'minta', 'kawasan', 'asia', 'tenggara', 'perkuat', 'pengawasan']","[('ada', 'VB'), ('16000', 'CD'), ('kasus', 'NN'), ('cacar', 'JJ'), ('monyet', 'NN'), ('di', 'IN'), ('75', 'CD'), ('negara', 'NN'), ('who', 'NN'), ('minta', 'VB'), ('kawasan', 'NN'), ('asia', 'NN'), ('tenggara', 'NN'), ('perkuat', 'VB'), ('pengawasan', 'NN')]", 16000 kasus cacar monyet  75 negara who  kawasan asia tenggara perkuat pengawasan,16000 kasus cacar monyet 75 negara who kawasan asia tenggara kuat awas,16000 kasus cacar monyet 75 negara who kawasan asia tenggara perkuat pengawasan,2
inilah yang harus hindari warga binaan lapas sumedang,"['inilah', 'yang', 'harus', 'hindari', 'warga', 'binaan', 'lapas', 'sumedang']","[('inilah', 'NN'), ('yang', 'SC'), ('harus', 'MD'), ('hindari', 'VB'), ('warga', 'NN'), ('binaan', 'NN'), ('lapas', 'VB'), ('sumedang', 'NN')]",   hindari warga binaan lapas sumedang,hindar warga bina lapas sumedang,hindari warga binaan lapas sumedang,2
cfw didaftarkan paten ini komentar sandiaga uno anak-anak scbd jangan ada yang terzalimi harus transparan,"['cfw', 'didaftarkan', 'paten', 'ini', 'komentar', 'sandiaga', 'uno', 'anak', '-', 'anak', 'scbd', 'jangan', 'ada', 'yang', 'terzalimi', 'harus', 'transparan']","[('cfw', 'MD'), ('didaftarkan', 'VB'), ('paten', 'NN'), ('ini', 'PR'), ('komentar', 'IN'), ('sandiaga', 'NN'), ('uno', 'NN'), ('anak', 'NN'), ('-', 'Z'), ('anak', 'NN'), ('scbd', 'NN'), ('jangan', 'NN'), ('ada', 'VB'), ('yang', 'SC'), ('terzalimi', 'NN'), ('harus', 'MD'), ('transparan', 'JJ')]",cfw didaftarkan paten  komentar sandiaga uno anak - anak scbd    terzalimi  transparan,cfw daftar paten komentar sandiaga uno anak - anak scbd zalim transparan,cfw didaftarkan paten komentar sandiaga uno anak - anak scbd terzalimi transparan,1
ceu popong dan salim segaf dorong kolaborasi untuk selesaikan masalah kebangsaan,"['ceu', 'popong', 'dan', 'salim', 'segaf', 'dorong', 'kolaborasi', 'untuk', 'selesaikan', 'masalah', 'kebangsaan']","[('ceu', 'NN'), ('popong', 'VB'), ('dan', 'CC'), ('salim', 'NN'), ('segaf', 'NN'), ('dorong', 'VB'), ('kolaborasi', 'NN'), ('untuk', 'SC'), ('selesaikan', 'VB'), ('masalah', 'NN'), ('kebangsaan', 'NN')]",ceu popong  salim segaf dorong kolaborasi  selesaikan masalah kebangsaan,ceu popong salim segaf dorong kolaborasi selesai masalah bangsa,ceu popong salim segaf dorong kolaborasi selesaikan masalah kebangsaan,1
link streaming cinta setelah cinta 25 juli 2022 starla pergoki niko dan ayu rencana ben bakal lancar,"['link', 'streaming', 'cinta', 'setelah', 'cinta', '25', 'juli', '2022', 'starla', 'pergoki', 'niko', 'dan', 'ayu', 'rencana', 'ben', 'bakal', 'lancar']","[('link', 'NN'), ('streaming', 'NN'), ('cinta', 'VB'), ('setelah', 'SC'), ('cinta', 'VB'), ('25', 'CD'), ('juli', 'VB'), ('2022', 'CD'), ('starla', 'NN'), ('pergoki', 'VB'), ('niko', 'NN'), ('dan', 'CC'), ('ayu', 'NN'), ('rencana', 'NN'), ('ben', 'NN'), ('bakal', 'JJ'), ('lancar', 'JJ')]",link streaming cinta  cinta 25 juli 2022 starla pergoki niko  ayu rencana ben  lancar,link streaming cinta cinta 25 juli 2022 starla pergok niko ayu rencana ben lancar,link streaming cinta cinta 25 juli 2022 starla pergoki niko ayu rencana ben lancar,0
waspada sejumlah kota besar diguyur hujan prakirakan cuaca hari ini selasa 26 juli 2022,"['waspada', 'sejumlah', 'kota', 'besar', 'diguyur', 'hujan', 'prakirakan', 'cuaca', 'hari', 'ini', 'selasa', '26', 'juli', '2022']","[('waspada', 'IN'), ('sejumlah', 'CD'), ('kota', 'NN'), ('besar', 'JJ'), ('diguyur', 'NN'), ('hujan', 'NN'), ('prakirakan', 'VB'), ('cuaca', 'NN'), ('hari', 'NN'), ('ini', 'PR'), ('selasa', 'VB'), ('26', 'CD'), ('juli', 'VB'), ('2022', 'CD')]",waspada  kota  diguyur hujan prakirakan cuaca hari  selasa 26 juli 2022,waspada kota guyur hujan prakira cuaca hari selasa 26 juli 2022,waspada kota diguyur hujan prakirakan cuaca hari selasa 26 juli 2022,0
populasi 'yaki' di sulteng turun drastis tinggal menyisakan 1000 ekor,"['populasi', ""'"", 'yaki', ""'"", 'di', 'sulteng', 'turun', 'drastis', 'tinggal', 'menyisakan', '1000', 'ekor']","[('populasi', 'NN'), (""'"", 'Z'), ('yaki', 'NN'), (""'"", 'Z'), ('di', 'IN'), ('sulteng', 'NN'), ('turun', 'VB'), ('drastis', 'JJ'), ('tinggal', 'VB'), ('menyisakan', 'VB'), ('1000', 'CD'), ('ekor', 'NND')]",populasi ' yaki '  sulteng turun drastis tinggal menyisakan 1000 ekor,populasi  yaki  sulteng turun drastis tinggal sisa 1000 ekor,populasi ' yaki ' sulteng turun drastis tinggal menyisakan 1000 ekor,2
psis semarang rekrut pelatih kiper asal inggris rory grand,"['psis', 'semarang', 'rekrut', 'pelatih', 'kiper', 'asal', 'inggris', 'rory', 'grand']","[('psis', 'NN'), ('semarang', 'NN'), ('rekrut', 'FW'), ('pelatih', 'FW'), ('kiper', 'FW'), ('asal', 'FW'), ('inggris', 'FW'), ('rory', 'FW'), ('grand', 'FW')]",psis semarang rekrut pelatih kiper  inggris rory grand,psis semarang rekrut latih kiper inggris rory grand,psi semarang rekrut pelatih kiper inggris rory grand,1
covid-19 di kbb sempat menembus 101 kasus warga mulai bergairah vaksin booster,"['covid', '-', '19', 'di', 'kbb', 'sempat', 'menembus', '101', 'kasus', 'warga', 'mulai', 'bergairah', 'vaksin', 'booster']","[('covid', 'NN'), ('-', 'Z'), ('19', 'CD'), ('di', 'IN'), ('kbb', 'NN'), ('sempat', 'MD'), ('menembus', 'VB'), ('101', 'CD'), ('kasus', 'NN'), ('warga', 'NN'), ('mulai', 'VB'), ('bergairah', 'NN'), ('vaksin', 'NN'), ('booster', 'NN')]",covid - 19  kbb  menembus 101 kasus warga  bergairah vaksin booster,covid - 19 kbb tembus 101 kasus warga gairah vaksin booster,covid - 19 kbb menembus 101 kasus warga bergairah vaksin booster,0
bareskrim polri tetapkan 4 tersangka kasus act,"['bareskrim', 'polri', 'tetapkan', '4', 'tersangka', 'kasus', 'act']","[('bareskrim', 'VB'), ('polri', 'NN'), ('tetapkan', 'VB'), ('4', 'CD'), ('tersangka', 'NN'), ('kasus', 'NN'), ('act', 'FW')]",bareskrim polri tetapkan 4 tersangka kasus act,bareskrim polri tetap 4 sangka kasus act,bareskrim polri tetapkan 4 tersangka kasus act,2
cinta setelah cinta 26 juli 2022 niko ngamuk kepada ayu arya dan ben berebut perhatian starla,"['cinta', 'setelah', 'cinta', '26', 'juli', '2022', 'niko', 'ngamuk', 'kepada', 'ayu', 'arya', 'dan', 'ben', 'berebut', 'perhatian', 'starla']","[('cinta', 'VB'), ('setelah', 'SC'), ('cinta', 'VB'), ('26', 'CD'), ('juli', 'VB'), ('2022', 'CD'), ('niko', 'NN'), ('ngamuk', 'NN'), ('kepada', 'IN'), ('ayu', 'NN'), ('arya', 'NN'), ('dan', 'CC'), ('ben', 'NN'), ('berebut', 'VB'), ('perhatian', 'NN'), ('starla', 'NN')]",cinta  cinta 26 juli 2022 niko ngamuk  ayu arya  ben berebut perhatian starla,cinta cinta 26 juli 2022 niko ngamuk ayu arya ben rebut perhati starla,cinta cinta 26 juli 2022 niko ngamuk ayu arya ben berebut perhatian starla,0
prakiraan cuaca di kota-kota besar di indonesia bandung hujan ringan,"['prakiraan', 'cuaca', 'di', 'kota', '-', 'kota', 'besar', 'di', 'indonesia', 'bandung', 'hujan', 'ringan']","[('prakiraan', 'NN'), ('cuaca', 'NN'), ('di', 'IN'), ('kota', 'NN'), ('-', 'Z'), ('kota', 'NN'), ('besar', 'JJ'), ('di', 'IN'), ('indonesia', 'NNP'), ('bandung', 'VB'), ('hujan', 'NN'), ('ringan', 'JJ')]",prakiraan cuaca  kota - kota   indonesia  hujan ringan,prakira cuaca kota - kota indonesia hujan ringan,prakiraan cuaca kota - kota indonesia hujan ringan,0
persis solo menyerah 2-3 dari dewa united di liga 1,"['persis', 'solo', 'menyerah', '2', '-', '3', 'dari', 'dewa', 'united', 'di', 'liga', '1']","[('persis', 'NN'), ('solo', 'NN'), ('menyerah', 'NN'), ('2', 'CD'), ('-', 'Z'), ('3', 'CD'), ('dari', 'IN'), ('dewa', 'NN'), ('united', 'FW'), ('di', 'IN'), ('liga', 'CD'), ('1', 'CD')]",persis solo menyerah 2 - 3  dewa united  liga 1,persis solo serah 2 - 3 dewa united liga 1,persis solo menyerah 2 - 3 dewa united liga 1,2
ucapkan good bye pada pertalite dan solar bagi pemilik mobil dengan kapasitas 2000 cc ke atas,"['ucapkan', 'good', 'bye', 'pada', 'pertalite', 'dan', 'solar', 'bagi', 'pemilik', 'mobil', 'dengan', 'kapasitas', '2000', 'cc', 'ke', 'atas']","[('ucapkan', 'VB'), ('good', 'FW'), ('bye', 'FW'), ('pada', 'IN'), ('pertalite', 'NN'), ('dan', 'CC'), ('solar', 'NN'), ('bagi', 'IN'), ('pemilik', 'NN'), ('mobil', 'NN'), ('dengan', 'IN'), ('kapasitas', 'NN'), ('2000', 'CD'), ('cc', 'FW'), ('ke', 'FW'), ('atas', 'IN')]",ucapkan good bye  pertalite  solar  pemilik mobil  kapasitas 2000 cc  ,ucap good bye pertalite solar milik mobil kapasitas 2000 cc,ucapkan good bye pertalite solar pemilik mobil kapasitas 2000 cc,2
bantu renovasi rumah warga yang hampir roboh ridwan kamil tugas pemimpin memudahkan urusan rakyat,"['bantu', 'renovasi', 'rumah', 'warga', 'yang', 'hampir', 'roboh', 'ridwan', 'kamil', 'tugas', 'pemimpin', 'memudahkan', 'urusan', 'rakyat']","[('bantu', 'VB'), ('renovasi', 'NN'), ('rumah', 'NN'), ('warga', 'NN'), ('yang', 'SC'), ('hampir', 'RB'), ('roboh', 'VB'), ('ridwan', 'NN'), ('kamil', 'NN'), ('tugas', 'NN'), ('pemimpin', 'NN'), ('memudahkan', 'VB'), ('urusan', 'NN'), ('rakyat', 'NN')]",bantu renovasi rumah warga  hampir roboh ridwan kamil tugas pemimpin memudahkan urusan rakyat,bantu renovasi rumah warga hampir roboh ridwan kamil tugas pimpin mudah urus rakyat,bantu renovasi rumah warga hampir roboh ridwan kamil tugas pemimpin memudahkan urusan rakyat,1
persita siap ladeni persik kediri vera butuh start yang bagus,"['persita', 'siap', 'ladeni', 'persik', 'kediri', 'vera', 'butuh', 'start', 'yang', 'bagus']","[('persita', 'PRP'), ('siap', 'VB'), ('ladeni', 'NN'), ('persik', 'NN'), ('kediri', 'NN'), ('vera', 'RB'), ('butuh', 'VB'), ('start', 'NN'), ('yang', 'SC'), ('bagus', 'JJ')]",persita  ladeni persik kediri vera butuh start  bagus,sita laden persik diri vera butuh start bagus,persita ladeni persik kediri vera butuh start bagus,1
identitas 11 tersangka kasus subang diungkap polisi ada yang berperan sebagai pemodal,"['identitas', '11', 'tersangka', 'kasus', 'subang', 'diungkap', 'polisi', 'ada', 'yang', 'berperan', 'sebagai', 'pemodal']","[('identitas', 'NN'), ('11', 'CD'), ('tersangka', 'NN'), ('kasus', 'NN'), ('subang', 'NN'), ('diungkap', 'VB'), ('polisi', 'NN'), ('ada', 'VB'), ('yang', 'SC'), ('berperan', 'VB'), ('sebagai', 'IN'), ('pemodal', 'NN')]",identitas 11 tersangka kasus  diungkap polisi   berperan  pemodal,identitas 11 sangka kasus ungkap polisi peran modal,identitas 11 tersangka kasus diungkap polisi berperan pemodal,2
kita punya seribu alasan untuk bahagia dengan melepas beban emosi,"['kita', 'punya', 'seribu', 'alasan', 'untuk', 'bahagia', 'dengan', 'melepas', 'beban', 'emosi']","[('kita', 'PRP'), ('punya', 'VB'), ('seribu', 'CD'), ('alasan', 'NN'), ('untuk', 'SC'), ('bahagia', 'VB'), ('dengan', 'SC'), ('melepas', 'VB'), ('beban', 'NN'), ('emosi', 'NN')]",  seribu alasan  bahagia  melepas beban emosi,ribu alas bahagia lepas beban emosi,seribu alasan bahagia melepas beban emosi,1
tol cipali kembali memakan korban jiwa 2 tewas akibat tabrakan,"['tol', 'cipali', 'kembali', 'memakan', 'korban', 'jiwa', '2', 'tewas', 'akibat', 'tabrakan']","[('tol', 'NN'), ('cipali', 'RB'), ('kembali', 'VB'), ('memakan', 'VB'), ('korban', 'NN'), ('jiwa', 'NN'), ('2', 'CD'), ('tewas', 'VB'), ('akibat', 'NN'), ('tabrakan', 'VB')]",tol cipali  memakan korban jiwa 2 tewas akibat tabrakan,tol cipali makan korban jiwa 2 tewas akibat tabrak,tol cipali memakan korban jiwa 2 tewas akibat tabrakan,2
kunker ke babel kepala bpip yudian wahyudi ajak santri dan dosen jaga dan perkokoh pancasila,"['kunker', 'ke', 'babel', 'kepala', 'bpip', 'yudian', 'wahyudi', 'ajak', 'santri', 'dan', 'dosen', 'jaga', 'dan', 'perkokoh', 'pancasila']","[('kunker', 'NN'), ('ke', 'IN'), ('babel', 'NN'), ('kepala', 'NN'), ('bpip', 'NN'), ('yudian', 'NN'), ('wahyudi', 'NN'), ('ajak', 'NN'), ('santri', 'NN'), ('dan', 'CC'), ('dosen', 'CD'), ('jaga', 'NN'), ('dan', 'CC'), ('perkokoh', 'NN'), ('pancasila', 'SC')]",kunker  babel kepala bpip yudian wahyudi ajak santri  dosen jaga  perkokoh pancasila,kunker babel kepala bpip yudian wahyudi ajak santri dosen jaga kokoh pancasila,kunker babel kepala bpip yudian wahyudi ajak santri dosen jaga perkokoh pancasila,1
demi menambah daya juang 7 pemain persija sampai ganti nomor punggung,"['demi', 'menambah', 'daya', 'juang', '7', 'pemain', 'persija', 'sampai', 'ganti', 'nomor', 'punggung']","[('demi', 'SC'), ('menambah', 'VB'), ('daya', 'NN'), ('juang', 'NN'), ('7', 'CD'), ('pemain', 'NN'), ('persija', 'NN'), ('sampai', 'IN'), ('ganti', 'NN'), ('nomor', 'NN'), ('punggung', 'VB')]", menambah daya juang 7 pemain persija  ganti nomor punggung,tambah daya juang 7 main persija ganti nomor punggung,menambah daya juang 7 pemain persija ganti nomor punggung,1
